:020000040800F2
:1000000030BC0024A5030008538E00085B8700085D
:10001000518E0008E108000869C2000800000000D5
:10002000000000000000000000000000E5020008E1
:10003000111600080000000041030008C1930008E9
:10004000BF030008BF030008BF030008BF03000888
:10005000BF030008BF030008BF030008BF03000878
:10006000BF030008BF030008BF030008FD1000081D
:100070000911000815110008211100082D110008B0
:10008000BF030008BF030008BF030008B91600083B
:1000900025170008BF030008BF030008BF030008BE
:1000A000BF030008BF030008BF030008BF03000828
:1000B00049950008BF030008BF030008BF030008FC
:1000C000BF030008BF030008BF030008BF03000808
:1000D000B992000849A30008BF030008BF03000845
:1000E000BF030008BF03000800000000BF030008B2
:1000F000BF030008BF030008BF030008BF030008D8
:10010000BF030008BF030008BF030008BF030008C7
:10011000BF030008BF030008BF030008BF030008B7
:10012000BF030008BF030008BF030008BF030008A7
:10013000BF030008BF030008BF030008BF03000897
:1001400000000000000000000000000000000000AF
:10015000BF030008BF030008BF030008BF03000877
:10016000BF030008BF030008BF030008BF03000867
:10017000BF030008558E0008BF0300080000000000
:10018000BF030008BF030008BF030008BF03000847
:10019000BF030008BF030008BF030008BF03000837
:1001A000BF030008BF030008BF03000800000000F1
:1001B000BF030008BF030008BF030008BF03000817
:1001C000BF030008BF03000800000000000000009B
:1001D0000000000000000000BF0300080000000055
:1001E000000000000000000000000000000000000F
:1001F0000000000000000000BF030008BF0300086B
:10020000BF030008BF03000800000000BF03000890
:10021000BF030008BF030008BF030008BF030008B6
:10022000BF03000800000000BF030008000000003A
:10023000BF030008BF03000800000000BF03000860
:10024000BF030008BF030008BF030008BF03000886
:10025000BF030008BF030008BF030008BF03000876
:10026000BF030008BF030008BF030008BF03000866
:10027000BF030008BF030008BF0300080000000020
:10028000BF030008BF030008BF030008BF03000846
:1002900000000000BF030008BF03000800000000CA
:1002A00000000000BF030008BF030008BF030008F0
:1002B000BF030008BF030008BF0300083117000890
:1002C000BF030008BF030008BF030008DFF810D019
:1002D00000F0EEF800480047D5CD0008AFF30080ED
:1002E00030BC00242C4B19680868B0E8F04F80F34C
:1002F0000988BFF36F8F4FF0000080F311887047BB
:100300000000000008480068006880F308884FF08B
:10031000000080F3148862B661B6BFF34F8FBFF35D
:100320006F8F00DF00BF00BF08ED00E0DFF80C00BA
:10033000016841F470010160704700BF88ED00E082
:10034000EFF30980BFF36F8F134B1A681EF0100F85
:1003500008BF20ED108A20E9F04F106009B44FF07B
:10036000500080F31188BFF34F8FBFF36F8F0DF0F4
:1003700021FA4FF0000080F3118809BC1968086861
:10038000B0E8F04F1EF0100F08BFB0EC108A80F3F9
:100390000988BFF36F8F704734000024EFF30580A6
:1003A000704700000648804706480047FEE7FEE722
:1003B000FEE7FEE7FEE7FEE7FEE7FEE7FEE7FEE715
:1003C00089940008CD0200082DE9F05F0546002061
:1003D00092469B4688460646814640241BE02846B6
:1003E00041464746224600F053F853465A46C01A43
:1003F000914110D311461846224600F03AF82D1AC2
:1004000067EB01084F4622460120002100F031F839
:1004100017EB00094E41201EA4F10104DFDC484621
:1004200031462A464346BDE8F09F40EA01039B0758
:1004300003D009E008C9121F08C0042AFAD203E059
:1004400011F8013B00F8013B521EF9D27047D2B2BD
:1004500001E000F8012B491EFBD270470022F6E7AD
:1004600010B513460A4604461946FFF7F0FF20462A
:1004700010BD202A04DB203A00FA02F10020704768
:100480009140C2F1200320FA03F3194390407047D2
:10049000202A04DB203A21FA02F00021704721FAD9
:1004A00002F3D040C2F12002914008431946704740
:1004B000064C074D06E0E06840F0010394E80700B1
:1004C00098471034AC42F6D3FFF704FFB8DC0008BD
:1004D000D8DC000870B58C1810F8015B15F0070324
:1004E00001D110F8013B2A1106D110F8012B03E0CD
:1004F00010F8016B01F8016B5B1EF9D12B0705D4D5
:100500000023521E0DD401F8013BFAE710F8013B1D
:10051000CB1A921C03E013F8015B01F8015B521E39
:10052000F9D5A142D8D3002070BD000010B5044613
:1005300036492068884202D0354A904205D1D1F828
:10054000080310F4403F05D117E03248006810F46A
:10055000403F12D006F0BCFB6168B1F5803F06D089
:10056000B1F5003F03D0B1F5403F28D103E0090CBD
:10057000B0FBF1F023E0800821E000214FF40020DF
:1005800005F0CEFA61688A03920B18D18A140C2AFE
:1005900015D2DFE802F0140606060606060B0D0F5C
:1005A0001113890C4900B0FBF1F008E0000906E0E6
:1005B000400904E0800902E0C00900E0000A4008A8
:1005C0001549884205D82068816821F4407181600E
:1005D00010BD1249884207D82068816821F4407113
:1005E00041F48071816010BD0D49884207D82068B0
:1005F000816821F4407141F40071816010BD206870
:10060000816841F44071816010BD0000002002400B
:100610000021024008630258105E5F0020BCBE004B
:1006200040787D0110B5846B216E11F0500F06D01B
:10063000216EC90630D5204601F07EFD10BD206E2A
:1006400040F40070206620680168090712D508F0A0
:10065000B8F8E8B12068C068800419D4206E20F48E
:1006600080702066206EC00412D4206E40F001001D
:1006700020660DE0C06880070AD1206E20F48070EB
:100680002066206EC00403D4206E40F00100206676
:10069000204601F04FFD10BDA16DC96CBDE81040B2
:1006A000084710B5806B016E41F040010166416E54
:1006B00041F00401416601F03FFD10BD10B5806BB3
:1006C00001F039FD10BD000070B504462068816856
:1006D000C1F3400508F069F878B375BB20688168FC
:1006E00001F00D01012909D0206E40F010002066B4
:1006F000606E40F001006066012070BD8168124AA2
:100700001140891C816021680320086004F03EF9D3
:10071000054613E004F03AF9401B02280ED9206880
:100720008068C0070AD0206E40F010002066606E1E
:1007300040F001006066012070BD03E02068806821
:10074000C007E7D10020F7E7C0FFFF7F70B5044680
:10075000206808F02AF850BB20688168264A1142B8
:1007600009D0206E40F010002066606E40F001005D
:100770006066012070BD81681F4E7F3E3140491C7C
:10078000816004F003F905461C4920681C4B88422F
:1007900001D0984201D11B4A00E01B4A926802F046
:1007A0001F02984200D0014681421DD0E2B120E0F4
:1007B00007F0FBFF20B9206881683140491C816047
:1007C00004F0E4F8401B02280ED920680068C043FA
:1007D000C00709D0206E40F010002066606E40F027
:1007E00001006066012070BD20680168C943C90727
:1007F000DED1002070BD00003F00008000200240DC
:1008000000210240002302400063025800F002F879
:10081000FCE700002DED028B40F6B8300CF007FC31
:1008200028480CF07DF8284D294C9FED288AE86C6B
:1008300060B195F8401C012908D1217831B9012116
:100840002170244991EDC70A84ED050A18B195F885
:10085000400C012813D000202070B0EE480A1E483A
:100860000921B0EE402AD4ED021AB0EE401AF0EEA3
:10087000400A0CF053FBA069012816D01DE0144972
:100880009FED160A1431081F0CF036FEF0EE480AF0
:1008900011480921B0EE602AD4ED021A94ED031A32
:1008A00094ED050A0CF03AFBE5E70B48002209211C
:1008B0000CF008FE60680CF0BAFB60680CF0B7FB47
:1008C000B5E70000248E0024E08100240000000031
:1008D000D000002424920024700400246F12833A74
:1008E000FEE704284FF0000070470020704700002A
:1008F00010B505490022054809F042FF04490348A4
:1009000009F030FF002010BD28A500244C980024D9
:10091000289D002470B506460A68002A02D0307867
:10092000522810D0514C00250B2A1DD0256065603F
:100930002581A57231464E4809F014FF4C4809F054
:10094000E5FE002070BD322003F0BAF872B6BFF3A6
:100950004F8F48480168484A01F4E0611143016043
:10096000BFF34F8F00BFFDE740483146FFF75DFD05
:1009700020787B2804D0256065602581A572D9E7A1
:100980003A490A2000F076FBA17A884268D1627861
:10099000F2B1012A21D0022A25D0032A28D0042A24
:1009A0002CD0052A2FD0062A33D0072A36D0082A81
:1009B0003AD0092A3DD00A2A41D00B2A44D00C2A29
:1009C00048D00D2AB6D129492C480CF0DDF8B1E702
:1009D00026492B480CF0D8F8ACE729482349E030E9
:1009E0000CF0D2F8A6E7214926480CF0CDF8A1E793
:1009F00024481E49E0300CF0C7F89BE71B49224809
:100A00000CF0C2F896E720481849E0300CF0BCF82A
:100A100090E716491D480CF0B7F88BE71B481349BF
:100A2000E0300CF0B1F885E7104919480CF0ACF84B
:100A300080E717480D49E0300CF0A6F87AE70B493B
:100A400014480CF0A1F875E712480849E0300CF0A2
:100A50009BF86FE709480549E0380CF095F869E71D
:100A6000256065602581A57264E700003E9800243A
:100A70004C9800240CED00E00400FA05408D0024A1
:100A8000E0810024A08300246085002420870024C6
:100A9000E0880024A08A0024002070470A4610B590
:100AA0000849D1F8BC12D1F81412002901D0012054
:100AB00010BD0146034809F063FEBDE8104001483F
:100AC00009F0F4BE4C98002400F0E0FAFCE700F0D6
:100AD0008FF8FCE770B504460022204601210CF097
:100AE00076F90022022104F1E0000CF070F90022F6
:100AF000032104F5E0700CF06AF90022042104F5EA
:100B000028700CF064F90022052104F560700CF0E7
:100B10005EF90022062104F58C600CF058F90022E1
:100B2000072104F5A8600CF052F900252288A1885D
:100B30002E480CF015F914200CF079FA6D1C0A2DD2
:100B4000F4DB0025B4F8E020B4F8E41027480CF0FA
:100B500007F914200CF06BFA6D1C0A2DF2DB00254E
:100B6000B4F8C021B4F8C41120480CF0F9F81420EE
:100B70000CF05DFA6D1C0A2DF2DB0025B4F8A02202
:100B8000B4F8A41219480CF0EBF814200CF04FFA4A
:100B90006D1C0A2DF2DB0025B4F88023B4F8841311
:100BA00012480CF0DDF814200CF041FA6D1C0A2DEF
:100BB000F2DB0025B4F86024B4F864140B480CF0A0
:100BC000CFF814200CF033FA6D1C0A2DF2DB00254F
:100BD000B4F84025B4F8441504480CF0C1F81420CA
:100BE0000CF025FA6D1C0A2DF2DB70BDD003002439
:100BF0002DED028B0120644D85F8400C4FF4FA6016
:100C00000CF015FA2846FFF765FF28460CF064F84B
:100C100005F1E00006460CF05FF805F5E0700746C8
:100C20000CF05AF805F5287080460BF071FF05F5B9
:100C3000607081460BF06CFF05F58C6082460BF00E
:100C400067FF05F5A86083460BF062FF4F4C95F8EF
:100C5000400C012867D09FED4E8A4E480121D4ED0B
:100C6000011AB0EE482A94ED031AD4ED020A94ED6D
:100C7000040A0CF0F5F847480221B0EE482AF0EEDD
:100C8000481AB0EE481AF0EE480AB0EE480A0CF0E6
:100C9000E7F840480321B0EE482AF0EE481AB0EEDB
:100CA000481AF0EE480AB0EE480A0CF0D9F8394874
:100CB0000421B0EE482AF0EE481AB0EE481AF0EEE1
:100CC000480AB0EE480A0CF0CBF832480521B0EEE5
:100CD000482AF0EE481AB0EE481AF0EE480AB0EE94
:100CE000480A0CF0BDF82B480621B0EE482AF0EE79
:100CF000481AB0EE481AF0EE480AB0EE480A0CF076
:100D0000AFF824480721B0EE482AF0EE481AB0EEBA
:100D1000481AF0EE480AB0EE480A0CF0A1F86069F3
:100D2000012824D02BE0184A01211A480CF058F968
:100D30001848022132460CF053F9164803213A466E
:100D40000CF04EF91348042142460CF049F91148C1
:100D500005214A460CF044F90E48062152460CF093
:100D60003FF90C4807215A460CF03AF9D7E70948F1
:100D7000002204210CF0A6FB20680CF058F9206832
:100D80000CF055F963E70000E08100249C0000248A
:100D900000000000D003002400F094F8FCE70000FD
:100DA00070B504460022012104F5C4600CF00FF870
:100DB0000022022104F5E0600CF009F800220A216B
:100DC00004F5FC600CF003F80022052104F50C602A
:100DD0000BF0FDFF0022072104F51A600BF0F7FF6E
:100DE0000022082104F528600BF0F1FF0022092100
:100DF00004F536600BF0EBFF0025B4F82026B4F8BC
:100E000024162F480BF0ACFF64200CF010F96D1C79
:100E10000A2DF2DB0025B4F80027B4F8041728489F
:100E20000BF09EFF64200CF002F96D1C0A2DF2DB22
:100E30000025B4F8E027B4F8E41721480BF090FF40
:100E400064200CF0F4F86D1C0A2DF2DB0025B4F8D8
:100E5000C028B4F8C4181A480BF082FF64200CF0C4
:100E6000E6F86D1C0A2DF2DB0025B4F8A029B4F8D1
:100E7000A41913480BF074FF64200CF0D8F86D1C13
:100E80000A2DF2DB0025B4F8802AB4F8841A0C4845
:100E90000BF066FF64200CF0CAF86D1C0A2DF2DB23
:100EA0000025B4F8602BB4F8641B05480BF058FF1C
:100EB00064200CF0BCF86D1C0A2DF2DB70BD000044
:100EC000300300242DED028B82B0664D012485F89D
:100ED000404C4FF4FA600CF0AAF82846FFF760FF88
:100EE00005F5C46001900BF0F7FE05F5E0600646DD
:100EF0000BF0F2FE05F5FC6007460BF0EDFE05F584
:100F00000C6080460BF004FE05F51A6081460BF07C
:100F1000FFFD05F5286082460BF0FAFD05F5366009
:100F200083460BF0F5FD85F8404C4F4C95F8400C8E
:100F3000012867D04E4801219FED4C8A94ED052A87
:100F4000F0EE481AB0EE481AF0EE480AB0EE480A41
:100F50000BF086FF46480221B0EE482AF0EE481A10
:100F6000B0EE481AF0EE480AB0EE480A0BF078FFEF
:100F70003F480A21B0EE482AF0EE481AB0EE481A6F
:100F8000F0EE480AB0EE480A0BF06AFF3848052137
:100F9000B0EE482AF0EE481AB0EE481AF0EE480AD1
:100FA000B0EE480A0BF05CFF31480721B0EE482A4A
:100FB000D4ED011A94ED031AD4ED020A94ED040A5B
:100FC0000BF04EFF2A480821B0EE482AD4ED011A52
:100FD00094ED031AD4ED020A94ED040A0BF040FFDD
:100FE00023480921B0EE482AD4ED011A94ED031AE2
:100FF000D4ED020A94ED040A0BF032FFA069012837
:1010000024D02BE01A480121019A0BF0E9FF18487F
:10101000022132460BF0E4FF15480A213A460BF054
:10102000DFFF1348052142460BF0DAFF1048072185
:101030004A460BF0D5FF0E48082152460BF0D0FF70
:101040000B4809215A460BF0CBFFD7E7084800228E
:1010500004210CF037FA20680BF0E9FF20680BF050
:10106000E6FF63E7E0810024B400002400000000F4
:1010700030030024034610B50020002203E08C5CFE
:101080006040521CD2B29A42F9D310BD184C7B2654
:10109000184D2AE0C0EBC00100EB800205EB4111C6
:1010A00022440B891F0A577093708B891F09D770D0
:1010B0000F8A1B0143EA272313710B79897903F007
:1010C0000F0363F31F115171401C0E28E2DB084926
:1010D0004720FFF7CFFF84F8470048210448FFF777
:1010E000DDFC054800680BF0A2FF26700020D1E768
:1010F000E8970024E0810024EC000024014801F07E
:101100009DBD000098050024014801F097BD000036
:1011100010060024014801F091BD0000B40700242E
:10112000014801F08BBD00002C080024014801F0AB
:1011300085BD0000B802002410B52C4A0168914218
:101140003AD02A4A1832914236D0284A3032914257
:1011500032D0264A483291422ED0244A60329142FF
:101160002AD0224A7832914226D0204A90329142A7
:1011700022D01E4AA83291421ED01D4A91421BD055
:101180001B4A1832914217D0194A3032914213D07B
:10119000174A483291420FD0154A603291420BD023
:1011A000134A7832914207D0114A9032914203D0CB
:1011B0000F4AA832914214D1CAB2103A1823B2FB96
:1011C000F3F20C4C02F00703E35CC365032A04D975
:1011D0006FF30901091D816506E06FF3090181655F
:1011E00002E021F0FF018165806D10BD100002401A
:1011F000100402407CDB000810B501680123224C7A
:10120000CAB2A1421BD0204C1434A14217D01E4CAC
:101210002834A14213D01C4C3C34A1420FD01A4CAC
:101220005034A1420BD0184C6434A14207D0164C64
:101230007834A14203D0144C8C34A1420FD1083A27
:101240001421B2FBF1F1114A02EB810202660F4A4E
:101250008032426601F01F018B40836610BD103A58
:101260001824B2FBF4F20A4C2144A82900D8083211
:10127000084901EB8201016606498031416602F0AE
:101280001F018B40836610BD085402580058025855
:10129000F0FBFDBF000802400279521E072A31D838
:1012A000194B016899421BD0174B1433994217D040
:1012B000154B2833994213D0134B3C3399420FD02E
:1012C000114B503399420BD00F4B6433994207D0E6
:1012D0000D4B7833994203D00B4B8C33994207D195
:1012E0000A4901EB8201C16608494031016706E005
:1012F000074901EB8201C1660549403101670121BF
:101300009140416770470000085402580059025844
:1013100000090240014610B500208B694FF0C074EF
:101320008A6A002B0ED0B3F5005F1AD062B3012A8F
:101330002AD0022A28D0032A03D1C96AC90100D5BC
:10134000012010BD1AB1012A06D0022AF9D1C96ABA
:10135000C901F6D5012010BDC96AA142FBD1012007
:1013600010BD52B1012A0AD0022A06D0032AF7D1B1
:10137000C96AA142F4D1012010BD012010BDC96A83
:10138000C901FBD5012010BD012010BD2DE9F04F92
:10139000856D8A4E894FDFF824C2A836DFF81C829B
:1013A000DFF818920CF1180CDFF810A208F13008E1
:1013B000DFF808B209F1480904680AF1600A0BF184
:1013C000780BBC426DD064456BD0444569D04C4528
:1013D00067D0544565D05C4563D0DFF8E0E10EF19D
:1013E000900E74455DD0B4425BD0DFF8D4E1744513
:1013F00057D0DFF8CCE10EF1180E744551D0DFF86C
:10140000C0E10EF1300E74454BD0DFF8B4E10EF1BF
:10141000480E744545D0DFF8A8E10EF1600E744522
:101420003FD0DFF89CE10EF1780E744539D0DFF83B
:1014300090E10EF1900E744533D0DFF884E10EF1A7
:10144000A80E74452DD0DFF87CE1744529D0DFF873
:1014500074E10EF1140E744523D0DFF868E10EF14B
:10146000280E74451DD0DFF85CE10EF13C0E74458A
:1014700017D0DFF850E10EF1500E744511D0DFF8AF
:1014800044E10EF1640E74450BD0DFF838E10EF143
:10149000780E744505D0DFF82CE10EF18C0E744502
:1014A00009D1D0E919E4CEF80440C46E1CB1D0E9EA
:1014B0001CE4CEF804400468BC422ED064452CD015
:1014C00044452AD04C4528D0544526D05C4524D0EC
:1014D0003A4F9037BC4220D0B4421ED0384EB4426E
:1014E0001BD0374E1836B44217D0354E3036B44282
:1014F00013D0334E4836B4420FD0314E6036B4422A
:101500000BD02F4E7836B44207D02D4E9036B442D1
:1015100003D02B4EA836B4421BD190F85C4004F0A7
:101520001F063F24B440AC600468256825F480257C
:101530002560046863608368402B05D00368996068
:101540000068C260BDE8F08F03689A600068C160FF
:10155000F8E71C4EB4421BD01A4E1436B44217D0D2
:10156000184E2836B44213D0164E3C36B4420FD033
:10157000144E5036B4420BD0124E6436B44207D0EB
:10158000104E7836B44203D00E4E8C36B442D9D1C8
:1015900090F85C4004F01F060124B4406C600468BD
:1015A00063608368402B04D0036899600068C26060
:1015B000C8E703689A600068C160C3E71000024092
:1015C00010040240085402580D490A6842F0807223
:1015D0000A600C4900224A600B6843F001030B606B
:1015E00009494843094908604FF47A73B0FBF3F3A3
:1015F0004B60054BB0FBF3F08860CA607047000099
:10160000FCED00E0001000E040420F00000100246B
:10161000704772B6FEE7000010B58AB0002402944D
:10162000039402200490012005900694079402A9D7
:101630001F4802F0D0FA08B1FFF7EBFF02221C4866
:1016400000231146009402F00AFB08B1FFF7E1FF06
:10165000174803F067F808B1FFF7DBFF14480022D2
:10166000012102F03FFA08B1FFF7D3FF114802A9A8
:1016700002F0B1FA08B1FFF7CCFF02220D480023B7
:101680001146009402F0EBFA08B1FFF7C2FF0948D7
:101690000022012102F026FA08B1FFF7BAFF05483F
:1016A00003F040F8002801D0FFF7B3FF0AB010BDE7
:1016B0003003002470040024014802F0C1BB000084
:1016C0003003002410B58AB0002402940120039056
:1016D0000220049005900694079402A9104802F095
:1016E0007AFA08B1FFF795FF02220D480023114650
:1016F000009402F0B4FA08B1FFF78BFF084800220B
:10170000102102F0EFF908B1FFF783FF044803F05E
:1017100009F8002801D0FFF77CFF0AB010BD0000D7
:10172000D0030024014802F08BBB0000D00300244A
:10173000014802F085BB00007004002430B5426B04
:10174000036853F8844F4FF6FC718C4344EA8204DB
:101750001C60036853F8844F058F24F47F0444EA27
:1017600005441C60836B1A44036853F8884F8C430C
:1017700044EA82041C60036853F8884F858F24F480
:10178000FE0444EA05441C60C36B02EB4302036899
:1017900053F8A04F8C4344EA82041C60036853F85A
:1017A000A04FB0F8405024F4FE0444EA05441C6005
:1017B000D0E9103403FB0422036853F8B04F8C4384
:1017C00044EA82041C60036853F8B04FB0F84850F4
:1017D00024F4FE0444EA05441C60D0E9123403FBFF
:1017E0000422036853F8AC4F8C4344EA82041C6023
:1017F000D0E9143403FB0422036853F8F04F8C4300
:1018000044EA82041C60036853F8F04FB0F8585063
:1018100024F47C1444EA05441C60836D02EB43030A
:10182000026852F8C04F8C4344EA8301116001689A
:1018300051F8C02FB0F85C3022F47C1242EA034227
:101840000A60016851F8C02F90F8603022F07C5295
:1018500042EA03620A60416B224A02EB8101C166DF
:10186000826B01EB82020267C36B02EBC302426729
:10187000D0E91034634302EB83028267D0E912346B
:10188000634302EB8302C267D0E91434634302EB83
:101890008302C0F88020836D02EBC302C0F884206D
:1018A000C46D836E5C4302EB8402C0F88820046E32
:1018B0005C4302EB8402C0F890200B4B9A4208D99B
:1018C0009830416841F020014160032101700120FE
:1018D00030BD002200E004C1D0F890308B42FAD82D
:1018E000002030BD00AC0040FCD30040F0B5D1E991
:1018F00001650C692C430D68002E1AD045F0804517
:101900002C4391F82070D1E9066535434E6946EACB
:10191000076635438E8945EA0645D0F88460806EB7
:10192000584306EB80031C605D60083300200B4EBB
:101930000FE044EA8544E4E71418155CE77845EACB
:101940000765A77864783F0447EA0424254320C349
:10195000001DCC68345D8442EED8F0BD84DB000805
:1019600010B50B480168001D0468001D006808449C
:1019700000280BD00749082206F0F0FE0549042292
:101980002046BDE81040103106F0E8BE10BD000052
:1019900000E8F11F86010024F8B504460E461746FC
:1019A0000025009594F85C00012810D0012084F8EF
:1019B0005C002046FEF788FE0346180009D0206E22
:1019C00040F01000206684F85C501846F8BD0220F4
:1019D000F8BD206E20F4885040F002002066206898
:1019E00006F4803107F0804211438268114E324084
:1019F000114341F0004181600F4920680FE0009AD7
:101A0000521C0092009A8A4209D3206E20F00200F4
:101A100040F01000206684F85C500120F8BD826818
:101A2000D20F002AEBD1206E20F0020040F001001E
:101A30002066C8E7C0FFFE3F00F8C3252DE9F04748
:101A40009CB004460D464FF0000894F85C00012855
:101A50000DD0012084F85C00002718971997DFF853
:101A6000F09020683B4E484505D1009604E00220E6
:101A70001CB0BDE8F0870097009840B1009806F0D0
:101A80009CFE8246206806F098FE40B10AE0206E77
:101A900040F02000206684F85C700120E8E7BAF18D
:101AA000000F09D0206E40F0200020664FF00108A2
:101AB00084F85C704046DBE72068484501D0B042BE
:101AC00001D1254800E0254840F61F72244B2968C3
:101AD00011B38168D5F804C021F4404141EA0C01FA
:101AE00081602168494501D0B14208D1D9F8081078
:101AF000C1F30001B368C3F30003194302E099681E
:101B0000C1F300010029D3D1AB6829681943836868
:101B1000934319438160CBE7816821F440418160A0
:101B20002168494501D0B14208D1D9F80810C1F364
:101B30000001B368C3F30003194302E09968C1F3DD
:101B400000010029B4D1816891438160B0E70000B1
:101B5000002002400021024000230240006302589E
:101B6000006002582DE9FC5F04460D464FF0000965
:101B700000200190F94FDFF8E8B3DFF8E8A3FA4E50
:101B800094F85C00012813D04FF0010884F85C80C1
:101B9000206806F00EFE68B1206E40F0200020663E
:101BA0004FF00109002084F85C004846BDE8FC9F26
:101BB0000220FBE7286800280FDB2168B9420CD01F
:101BC000CA69030329D090FAA0F0B0FA80F000F0BF
:101BD0001F0008FA00F00243CA61A88821682A6839
:101BE00000F4407301EB93110B6B00F01F004FF0FA
:101BF0001F0CC2F384620CFA00FC824023EA0C033F
:101C000013430B63206806F0D4FD0090206806F0B3
:101C1000C8FD0099014303D053E1C0F38460D6E7C7
:101C2000AA682968206806F0D4FD2068B84206D169
:101C30006A69C168C1F3C10149008A401BE0CB4910
:101C40000968B8EB117F06D16A69C168C1F38201E6
:101C500049008A400FE0C168C90606D46A69C168B4
:101C6000C1F3820149008A4005E06A69C16801F058
:101C7000100149088A402969042957D02B6800EBD4
:101C800081016031B84207D1086803F0F840104381
:101C900040F00040086007E0086803F0F843134391
:101CA00000F00040184308602068B8421CD12A693F
:101CB000E96900EB8200026E22F080720A4302663C
:101CC00095F8201020682A6901290AD00021B8421D
:101CD000A2D100EB8200026E22F000720A4302667B
:101CE000EFE04FF00071F2E795F821102A69012921
:101CF00016D0002100EB8200026E22F000420A435F
:101D00000266297E20682A6901290CD00021036916
:101D100002F01F0223F4F04391400B430361D0E033
:101D20004FF00041E6E74FF40061F0E7B8426FD1B1
:101D3000002106F030FD00036CD02068002106F081
:101D40002AFD90FAA0F0B0FA80F12868020368D06A
:101D500090FAA0F0B0FA80F0814204D1002220680D
:101D6000114606F045FD2068012106F014FD000330
:101D70005AD02068012106F00EFD90FAA0F0B0FACA
:101D800080F12868020356D090FAA0F0B0FA80F0F3
:101D9000814204D120680022012106F029FD20683B
:101DA000022106F0F8FC000348D02068022106F06A
:101DB000F2FC90FAA0F0B0FA80F12868020344D057
:101DC00090FAA0F0B0FA80F0814204D1206800229D
:101DD000022106F00DFD2068032106F0DCFC000363
:101DE00036D02068032106F0D6FC90FAA0F0B0FAB5
:101DF00080F12868020332D090FAA0F0B0FA80F0A7
:101E000081425ED120680022032106F0F1FC58E0F7
:101E100028E0FFE72068002106F0BDFCC0F38461E4
:101E200093E7C0F3846097E72068012106F0B3FCD4
:101E3000C0F38461A5E7C0F38460A9E720680221AC
:101E400006F0A9FCC0F38461B7E7C0F38460BBE788
:101E50002068032106F09FFCC0F38461C9E7C0F34A
:101E60008460CDE7016E2A7801F0F841B1EB826F12
:101E700003D1016E21F0004101662068416E2A788D
:101E800001F0F841B1EB826F03D1416E21F00041C6
:101E900041662068816E2A7801F0F841B1EB826FCB
:101EA00003D1816E21F0004181662068C16E2A78DD
:101EB00001F0F841B1EB826F03D1C16E21F0004116
:101EC000C166206806F071FC00287FF46BAE2068C4
:101ED000EA682968B842DFF898C00FD150F8B03FDF
:101EE00002F01802C1F3130E2CFA02FC23EA0E03CF
:101EF0000CEA010C43EA0C0303600EE050F8C03F0B
:101F000002F01802C1F3130E2CFA02FC23EA0E03AE
:101F10000CEA010C43EA0C030360E86858457CD1E5
:101F20002868010326D090FAA0F1B1FA81F1491C8A
:101F300001F01F0109293ED8010300291DD090FAA4
:101F4000A0F1B1FA81F101F1010101F01F0108FADC
:101F500001F815D1C0F3846116E00000006002585A
:101F60000000FF4700200240002102400010005CFA
:101F7000FFFF0F00C0F38461D9E7C0F38461E2E79B
:101F800090FAA0F1B1FA81F101F1010101F01F0114
:101F900048EA816102D1C0F3846003E090FAA0F0C6
:101FA000B0FA80F000F1010000F01F0000EB4000EB
:101FB00041EA005134E04FEA003100290DD090FA97
:101FC000A0F1B1FA81F101F1010101F01F0108FA5C
:101FD00001F805D1C0F3846106E0C0F38461F2E743
:101FE00090FAA0F1B1FA81F101F1010101F01F01B4
:101FF00048EA816102D1C0F3846003E090FAA0F066
:10200000B0FA80F000F1010000F01F00A0F10A001A
:1020100000EB400041EA005000E005E040F00071B4
:10202000AA68206806F0D5FB2A68002ABFF6BAAD78
:102030002068394BDFF8E4C0504501D0B04201D1EF
:10204000194600E06146896801F0E071504501D011
:10205000B0420AD1DAF80850C5F30005D6F8088076
:10206000C8F3000845EA080502E0BD68C5F30005AD
:1020700035B1206E40F0200020664FF0010991E557
:10208000274DAA421FD10D021DD4B842F7D15045A9
:1020900002D0B04200D0634641F40000996821F0BC
:1020A000E071014399601F481F490068B0FBF1F0DF
:1020B000401C4000019002E00198401E01900198F0
:1020C0000028F9D16EE5194DAA4210D1CD010ED4E8
:1020D000B842D4D1504502D0B04200D0634641F05E
:1020E0008070996821F0E071014399605AE5104DC4
:1020F000AA42C4D14A02C2D4B842C0D1504502D08B
:10210000B04200D0634641F48000996821F0E0714C
:102110000143996046E50000002302400063025835
:10212000000052C728000024400D0300000021C316
:10213000000084CB7047704770470000F8B5044634
:10214000002500260096002C02D0206E10B107E07A
:102150000120F8BD204600F045F9666684F85C6011
:1021600020688168C1F3407119B18168914A1140BA
:10217000816020688168C1F3007199B981688E4AD5
:10218000114041F0805181608C488D490068B0FB5E
:10219000F1F0401C009002E00098401E0090009872
:1021A0000028F9D120688168C1F3007141B9216E1E
:1021B00041F010012166616E41F001016166012567
:1021C00006F0F7FA216EC90600D430B1206E40F057
:1021D0001000206601252846F8BD206E20F480708E
:1021E00040F002002066206806F0DFFA754EF8B96C
:1021F000754A2068754B904201D0984207D191688A
:10220000C1F300019F68C7F30007394302E0B168DA
:10221000C1F3000161B9904201D0984201D16C48EC
:1022200000E06C486168826822F47C120A43826094
:102230002168B14220D1E26BE0680243607E430333
:10224000A068082810D00C2810D01C2810D01828FE
:1022500010D0002000F00C0043EA4000024394F844
:10226000200042EA004011E00020F3E70420F1E7FB
:102270000820EFE71C20EDE7A268E06B94F820301F
:102280001043627E520342EA0342104394F8202036
:10229000012A03D1A28C521E40EA4240A26A2AB10E
:1022A000E36A02F47872024343EA0200B1420CD1BD
:1022B000CA68494B1A400243CA6020680169626BD0
:1022C00021F040611143016104E0CA68434B1A40A8
:1022D0000243CA60206806F06CFA0746206806F0E0
:1022E00060FA074329D12068B04206D1217E94F8D4
:1022F0003820890341EA420103E0227E216B41EA52
:102300008231C26844F203039A430A43C26094F8DC
:102310004400012820D02068016921F001010161F9
:1023200020680169226C21F070411143016120682D
:10233000B04202D02046FEF7F9F82069012830D0DB
:102340002068016B21F00F010163206E20F0020074
:1023500040F0010020663EE72068B0420ED1D4E98B
:1023600012121143D4E914231A43114302691C4B7E
:102370001A40114341F001010161D1E7B4F848303E
:102380000127D4E913125B1E1143626D07EB03436F
:102390001A4311430269124B5B1E1A40114301613B
:1023A000BEE72068016BE26921F00F01521E114364
:1023B0000163CAE7C0FFFF5FC0FFFF7F2800002462
:1023C000400D03000060025800200240002102403E
:1023D00000230240006302580740F0FF03C0F0FFF3
:1023E0001FF800FC70B5B6B00646142130A8FEF701
:1023F00035F8B82102A8FEF731F833493068884231
:1024000060D100204FF40021CDE9021002200C9091
:1024100019210D910E9001200F9003241094A00219
:1024200011900025129513954FF480302A9002A840
:1024300003F018FE08B1FFF7ECF82448016841F0FA
:1024400020010160006800F0200001901F49083160
:10245000086840F001000860086800F00100019081
:10246000086840F004000860086800F0040001906B
:10247000202030903194329530A9154802F074F93B
:10248000102030903194329530A9124802F06CF946
:10249000124C1148206009206060A560E5604FF48F
:1024A00080602061400060618000A0614011E061B7
:1024B00025626562204600F095FF08B1FFF7A9F894
:1024C000B465A66336B070BD00200240D8440258FF
:1024D000000002580008025870000240B8020024B0
:1024E0002DE9F047044688469146404FDFF800A1A9
:1024F0002068B84201D0504501D13E4900E03E4934
:10250000896801F01F0506F054F910B10220BDE8FA
:10251000F08794F85C0001280BD0012084F85C005F
:10252000002645B1052D06D0092D04D084F85C6045
:10253000EDE70220EBE72046FEF708F910B184F83A
:102540005C60E4E7206E40F60161884340F48070EF
:1025500020662068504500D00746874200D01DB94C
:10256000206E20F480102066206EC00404D5606EBA
:1025700020F00600606600E06666A16D1F48C86333
:10258000A16D1F480864A16D1E48C8641C20216805
:10259000086084F85C602068416841F01001416087
:1025A0001949206888420DD194F838104900C26852
:1025B00022F003020A43C2602068C16841F00101B1
:1025C000C16005E0216BC26822F003020A43C260C9
:1025D00021684B46A06D4246403101F0FBF821686E
:1025E0008A680A4B1A40121D8A6090E70020024058
:1025F0000021024000230240006302582506000823
:10260000BD060008A306000800600258C0FFFF7F57
:102610002DE9F84F044602F0B9F900905CB194F846
:102620003500022809D080206065002084F834003D
:102630000120BDE8F88F0120FBE7D14ED04FD049F3
:102640001836DFF83C833037DFF83493DFF830A3F7
:1026500008F14808DFF828B309F1600920680AF199
:10266000780A0BF1900B88422ED0B0422CD0B842A1
:102670002AD0404528D0484526D0504524D058453A
:1026800022D0BF4AA83290421ED0BE4A90421BD0F0
:10269000BC4A1832904217D0BA4A3032904213D016
:1026A000B84A483290420FD0B64A603290420BD0BE
:1026B000B44A7832904207D0B24A9032904203D066
:1026C000B04AA83290420AD1026822F01E0202608B
:1026D0002068426922F080024261256804E00268B5
:1026E00022F00E0202602568206888424DD0B04278
:1026F0004BD0B84249D0404547D0484545D05045D9
:1027000043D0584541D09E4AA83290423DD09D4A80
:1027100090423AD09B4A1832904236D0994A303291
:10272000904232D0974A483290422ED0954A603239
:1027300090422AD0934A7832904226D0914A9032E1
:10274000904222D08F4AA83290421ED08E4A9042A8
:102750001BD08D4A1432904217D08B4A28329042B7
:1027600013D0894A3C3290420FD0874A503290426F
:102770000BD0854A6432904207D0834A7832904227
:1027800003D0814A8C32904204D1206E026822F438
:10279000807202607A49206888422ED0B0422CD0E4
:1027A000B8422AD0404528D0484526D0504524D0AC
:1027B000584522D07249A83188421ED071498842BA
:1027C0001BD070491831884217D06E493031884289
:1027D00013D06C49483188420FD06A496031884231
:1027E0000BD068497831884207D0664990318842D9
:1027F00003D06449A831884204D1016821F0010165
:10280000016013E0016821F0010101600EE002F0B7
:10281000BDF80099401A052808D9202034342062D8
:102820000320607000202070012002E72868C007A4
:10283000EDD1534A0121206890422ED0B0422CD0D5
:10284000B8422AD0404528D0484526D0504524D00B
:10285000584522D04A4BA83398421ED0494B984243
:102860001BD0484B1833984217D0464B3033984210
:1028700013D0444B483398420FD0424B60339842B8
:102880000BD0404B7833984207D03E4B9033984260
:1028900003D03C4BA833984208D1A06D94F85C302B
:1028A00003F01F053F23AB40836007E0A06D94F861
:1028B0005C3003F01F0301FA03F343602068904289
:1028C0004DD0B0424BD0B84249D0404547D04845A2
:1028D00045D0504543D0584541D0294AA83290426E
:1028E0003DD0284A90423AD0264A1832904236D0FB
:1028F000244A3032904232D0224A483290422ED07E
:10290000204A603290422AD01E4A7832904226D025
:102910001C4A9032904222D01A4AA83290421ED0CD
:10292000194A90421BD0184A1432904217D0164AC6
:102930002832904213D0144A3C3290420FD0124AAF
:10294000503290420BD0104A6432904207D00E4A67
:102950007832904203D00C4A8C3290420BD1D4E9A9
:1029600019205060E06E30B1026822F4807202607B
:10297000D4E91C205060343461700020207058E687
:102980001000024010040240085402582DE9F05F84
:10299000002808D090F83510022906D08021416522
:1029A0000120BDE8F09F0120FBE7A14AA04BA04C0D
:1029B00018329F4D30339E4E4834DFF874B2603584
:1029C000DFF870C27836DFF86C82DFF868920CF1BD
:1029D000300CDFF860A208F16008016809F178099D
:1029E000944F0AF1900A594531D091422FD0994223
:1029F0002DD0A1422BD0A94229D0B14227D0DFF857
:102A000030E20EF1900E714521D0DFF824E20EF194
:102A1000A80E71451BD0DFF81CE2AEF1180E71450F
:102A200015D0B94213D0DFF80CE20EF1180E714543
:102A30000DD061450BD0DFF8FCE10EF1480E714579
:102A400005D0414503D0494501D0514537D14FF01C
:102A5000040E80F835E0594527D0914225D099429F
:102A600023D0A14221D0A9421FD0B1421DD070482D
:102A70009030814219D06E48A830814215D06D48FF
:102A80001838814211D0B9420FD06A4818308142BB
:102A90000BD0614509D067484830814205D0414597
:102AA00003D0494501D0514504D1086820F0010008
:102AB0000860BAE0086820F001000860B5E0D1F8CD
:102AC00000E02EF00E0EC1F800E00168DE46594528
:102AD00031D091422FD099422DD0A1422BD0A94282
:102AE00029D0B14227D0DFF848B10BF1900B5945FE
:102AF00021D0DFF83CB10BF1A80B59451BD0DFF812
:102B000034B1ABF1180B594515D0B94213D0DFF8E9
:102B100024B10BF1180B59450DD061450BD0DFF8EE
:102B200014B10BF1480B594505D0414503D0494537
:102B300001D0514506D1D1F800B02BF0010BC1F8FE
:102B400000B005E0D1F800B02BF0010BC1F800B0E7
:102B500001684FF0010B714546D0914244D0994233
:102B600042D0A14240D0A9423ED0B1423CD0304AEE
:102B70009032914238D02E4AA832914234D02D4A18
:102B8000183A914230D0B9422ED02A4A1832914296
:102B90002AD0614528D0274A4832914224D0414565
:102BA00022D0494520D051451ED0234A91421BD006
:102BB000214A1432914217D01F4A2832914213D031
:102BC0001D4A3C3291420FD01B4A503291420BD0E9
:102BD000194A6432914207D0174A7832914203D0A1
:102BE000154A8C32914218D1016E0A6822F4807223
:102BF0000A60816D90F85C2002F01F020BFA02F26D
:102C00004A60D0E919215160C16E31B10A6822F4DD
:102C100080720A60D0E91C21516080F835B0002133
:102C200080F83410016D01B188470020B9E600003A
:102C30001000024028040240085402582DE9FF5FAA
:102C40000446002001904FF41651FD480068B0FB87
:102C5000F1F00090A56D2E682968FA4FDFF8E4B313
:102C6000DFF8E083DFF8DC930BF1180BDFF8D4A377
:102C700008F13008206809F148090AF1600AB842F1
:102C80003BD05A46904238D0404536D0484534D0A3
:102C9000504532D0EB4A783290422ED0E94A9032F9
:102CA00090422AD0E74AA832904226D0E64A904283
:102CB00023D0E54A183290421FD0E34B303398427C
:102CC0001BD0E14B4833984217D0DFF87CC30CF19E
:102CD000600C604511D0DFF870C30CF1780C6045D2
:102CE0000BD0DFF864C30CF1900C604505D0DFF821
:102CF00058E30EF1A80E70457ED194F85C100823BD
:102D000001F01F0103FA01F232424BD0B84232D037
:102D1000584530D040452ED048452CD050452AD07B
:102D2000C8497831884226D0C6499031884222D09D
:102D3000C449A83188421ED0C34988421BD0C24929
:102D40001831884217D0C0493031884213D0BE496B
:102D5000483188420FD0BC49603188420BD0BA4913
:102D60007831884207D0B8499031884203D0B649BB
:102D7000A831884203D1016801F0040102E0016832
:102D800001F0080171B1016821F00401016094F8BB
:102D90005C0000F01F0003FA00F2AA60606D40F0D2
:102DA0000100606594F85C00012100F01F00814083
:102DB000314240D02068B84234D0584532D04045E6
:102DC00030D048452ED050452CD09E4A7832904283
:102DD00028D09C4A9032904224D09A4AA8329042FD
:102DE00020D0994A90421DD0974A1832904219D06B
:102DF000954A3032904200E0D2E113D0924A4832F4
:102E000090420FD0904A603290420BD08E4A783276
:102E1000904207D08C4A9032904203D08A4AA8321E
:102E200090427DD1406910F0800F04D0A960606DA0
:102E300040F00200606594F85C00042100F01F007F
:102E4000814031423ED02068B84232D0584530D01F
:102E500040452ED048452CD050452AD0794A78326A
:102E6000904226D0774A9032904222D0754AA832BA
:102E700090421ED0744A90421BD0734A183290423E
:102E800017D0714A3032904213D06F4A4832904284
:102E90000FD06D4A603290420BD06B4A783290422C
:102EA00007D0694A9032904203D0674AA8329042D4
:102EB0004ED1006810F0020F04D0A960606D40F0A0
:102EC0000400606594F85C00102100F01F00814050
:102ED000314260D02068B84234D0584532D04045A5
:102EE00030D048452ED050452CD0564A78329042AA
:102EF00028D0544A9032904224D0524AA83290426C
:102F000020D0514A90421DD04F4A1832904219D0D9
:102F10004D4A3032904215D04B4A4832904200E040
:102F200014E00FD0484A603290420BD0464A7832C3
:102F3000904207D0444A9032904203D0424AA8328D
:102F4000904207D1006800F0080006E0006872E7D0
:102F50000068B7E7006800F0040058B1A960206875
:102F6000016849030CD50068000304D4216C09B141
:102F7000204688470FE0A16C69B1204688470AE0E7
:102F80000168C90503D4016821F008010160216CC2
:102F900009B12046884794F85C00202100F01F000A
:102FA000814031427BD02068B84232D0584530D081
:102FB00040452ED048452CD050452AD0214A783261
:102FC000904226D01F4A9032904222D01D4AA83209
:102FD00090421ED01C4A90421BD01B4A183290428D
:102FE00017D0194A3032904213D0174A48329042D3
:102FF0000FD0154A603290420BD0134A783290427B
:1030000007D0114A9032904203D00F4AA832904222
:1030100003D1006800F0100002E0006800F0020038
:10302000E8B3A96094F83500042812D0206801683C
:1030300049033DD50068000335D4616C79B305E0E0
:103040002800002410000240100402402046884757
:103050003FE02068016821F01601016020684169A5
:1030600021F080014161206C08B9A06C20B120687A
:10307000016821F00801016094F85C0000F01F0174
:103080003F208840A860012084F83500002084F8A3
:103090003400216D002974D004B0204600E018E00F
:1030A000BDE8F05F0847E16B99B12046884710E022
:1030B0000168C90509D4016821F0100101600120EF
:1030C00084F83500002084F83400E16B09B1204613
:1030D0008847606D002854D0606DC00758D0042028
:1030E00084F835002068B84231D058452FD040458B
:1030F0002DD048452BD0504529D0B749884226D0FD
:10310000B5491831884222D0B349303188421ED0A7
:10311000B24988421BD0B1491831884217D0AF4913
:103120003031884213D0AD49483188420FD0AB4985
:10313000603188420BD0A9497831884207D0A7492D
:103140009031884203D0A549A831884204D1016852
:1031500021F00101016003E0016821F0010101603B
:1031600021680198009A401C0190904202D808689A
:10317000C007F6D10868C00704D0032084F83500E2
:1031800003E087E0012084F83500002084F8340053
:10319000E16C00297ED004B02046BDE8F05F08470E
:1031A0008F4EB0421BD08E4E1436B04217D08C4E8C
:1031B0002836B04213D08A4E3C36B0420FD0884EEB
:1031C0005036B0420BD0864E6436B04207D0844EA3
:1031D0007836B04203D0824E8C36B0425AD106685F
:1031E0004FF0040E94F85CB00BF01F0B0EFA0BFEC0
:1031F0001EEA010FCDF80CE05ED05FEA467E5BD59B
:1032000003986860300411D5F00307D4A16C00293D
:1032100040D004B02046BDE8F05F0847216C00298B
:1032200038D004B02046BDE8F05F0847B0063BD474
:103230002068B8422DD068496039884229D040457D
:1032400027D0484525D0504523D06349884220D017
:103250006149183188421CD05F493031884218D00A
:103260005E49884215D0904213D05C493031884283
:103270000FD098420DD059496031884209D0574942
:103280007831884205D0604503D05449A83188423E
:1032900006D100E07CE0016821F00801016003E054
:1032A000016821F004010160216C002970D004B094
:1032B0002046BDE8F05F08474FF0020E0EFA0BFE05
:1032C0001EEA010FCDF808E063D05FEA867E60D584
:1032D00002986860300411D5F00307D4616C0029AE
:1032E00078D004B02046BDE8F05F0847E16B0029C4
:1032F00070D004B02046BDE8F05F0847B0063FD468
:103300002068B8422DD034496039884229D04045E0
:1033100027D0484525D0504523D02F49884220D07A
:103320002D49183188421CD02B493031884218D0A1
:103330002A49884215D0904213D02849303188421A
:103340000FD098420DD025496031884209D02349D9
:103350007831884205D0604503D02049A8318842A1
:1033600004D1016821F01401016003E0016821F03B
:103370000A010160012084F83500002084F834003F
:10338000E16B002926D004B02046BDE8F05F084775
:1033900020E0082202FA0BF20A421BD0310719D5AD
:1033A000016821F00E01016094F85C0000F01F013B
:1033B000012000FA01F16960606584F835000020A1
:1033C00084F83400E16C002904D004B02046BDE844
:1033D000F05F0847BDE8FF9F8800024010040240EC
:1033E000085402582DE9F05F044601F0CFFA064672
:1033F000002C7DD0F24F0222DFF8C4830025DFF8D5
:10340000C093DFF8BCA308F13008DFF8B4B309F1CA
:10341000480920680AF1600A0BF1780BB84232D0F3
:10342000E749183188422ED040452CD048452AD053
:10343000504528D0584526D0E1499031884222D0C5
:10344000DF49A83188421ED0DE4988421BD0DD49C1
:103450001831884217D0DB493031884213D0D9491E
:10346000483188420FD0D749603188420BD0D549C6
:103470007831884207D0D3499031884203D0D1496E
:10348000A83188427ED184F8352084F83450B8427F
:1034900034D0CB491831884230D040452ED04845F1
:1034A0002CD050452AD0584528D0C5499031884263
:1034B00024D0C349A831884220D0C24988421DD0B7
:1034C000C0491831884219D0BE493031884215D0E0
:1034D000BC494831884211D0BA49603188420DD088
:1034E000B8497831884209D0B6499031884200E025
:1034F00009E003D0B349A831884207D1016821F01F
:103500000101016013E00120BDE8F09F016821F096
:10351000010101600BE001F039FA801B052806D992
:1035200020206065032084F835000120ECE7206846
:103530000068C007EFD122681168A3480140D4E9B0
:1035400002031843D4E9043633431843A3691843EC
:10355000E3691843236A18430843616A042903D1C5
:10356000D4E90B13194308436168A1F12903052B22
:103570000DD9163B032B0AD9083B012B07D9083B71
:10358000032B00E02AE002D97439032901D840F462
:10359000801010602068406920F00701606A40EAEE
:1035A000010604280DD1A06A0643E06A48B120460E
:1035B000FDF7B0FE28B140206065012084F8350099
:1035C000A2E7206846612046FDF7B6FD94F85C103E
:1035D00001F01F023F219140816066E07B498842F3
:1035E0001BD07A4B1433984217D0784B283398422B
:1035F00013D0764B3C3398420FD0744B50339842E3
:103600000BD0724B6433984207D0704B783398429A
:1036100003D06E4B8C3398427ED1884211D06B49D7
:10362000143188420DD069492831884209D0674950
:103630003C31884205D065495031884201D0634908
:10364000643184F8352084F83450026860490A40B7
:10365000A16840297ED080297DD00021E36841EA1D
:10366000D301236941EAD301636941EAD301A36924
:1036700041EAD301E36941EAD301236A41EA131124
:103680001143016051492068494208441421B0FBAC
:10369000F1F08000E0652046FDF74EFD94F85C10E7
:1036A00001F01F020121914041602068B84256D0CC
:1036B00043491831884252D0404550D048454ED0F9
:1036C00050454CD058454AD03D499031884246D06B
:1036D0003B49A831884242D03A4988423FD03949D3
:1036E000183188423BD037493031884237D035498C
:1036F0004831884233D03349603188422FD0314934
:10370000783188422BD02F499031884227D02D49DB
:10371000A831884223D000E02DE02C4988421ED0F9
:103720002A49143188421AD028492831884216D0B3
:1037300026493C31884212D02449503188420ED06B
:103740002249643188420AD020497831884206D023
:103750001E4901E00AE00BE08C31884229D1204665
:10376000FDF74AFDA06880280CD00CE0102175E719
:103770004FF4804172E740206065032084F83500F3
:103780000120C1E66560216E20790860D4E9191036
:1037900048606068401E072808D82046FDF77CFD79
:1037A000E06E0560D4E91C10486002E0E56625671C
:1037B00065676565012084F835000020A4E60000F7
:1037C00010000240100402403F8010FE08540258CE
:1037D0000F00FEFF2DE9F84F044600200090002C5A
:1037E00015D094F83400012813D0012084F8340057
:1037F00094F835500020012D0DD04FF40061616523
:1038000084F83400012000900098BDE8F88F012072
:10381000FBE70220F9E7022584F835506065A54DE5
:10382000A44EA44F1835DFF88CC23036DFF88482FE
:103830004837DFF88092DFF87CA208F16008DFF8F3
:1038400074B209F1780920680AF1900A0BF1A80B0B
:1038500060453BD0A84239D0B04237D0B84235D0CD
:10386000404533D0484531D050452FD058452DD014
:10387000DFF844C2604529D0DFF83CC20CF1180CD7
:10388000604523D0DFF830C20CF1300C60451DD00C
:10389000DFF824C20CF1480C604517D0DFF818C2DD
:1038A0000CF1600C604511D0DFF80CC20CF1780C03
:1038B00060450BD0DFF800C20CF1900C604505D0DC
:1038C000DFF8F4C10CF1A80C604506D1D0F800C0B7
:1038D0002CF0010CC0F800C005E0D0F800C02CF0BE
:1038E000010CC0F800C02046FDF750FD714920686A
:1038F00088422CD0A8422AD0B04228D0B84226D044
:10390000404524D0484522D0504520D058451ED0AF
:10391000694A90421BD0684A1832904217D0664AD2
:103920003032904213D0644A483290420FD0624AFB
:10393000603290420BD0604A7832904207D05E4AA3
:103940009032904203D05C4AA83290420DD1026876
:1039500022F01E0242F016020260206C90B1206834
:10396000026842F0080202600CE0026822F00E02D7
:1039700042F00A020260206C20B12068026842F026
:1039800004020260206888424BD0A84249D0B0426D
:1039900047D0B84245D0404543D0484541D0504536
:1039A0003FD058453DD0444A90423AD0424A18321E
:1039B000904236D0404A3032904232D03E4A48326D
:1039C00090422ED03C4A603290422AD03A4A783215
:1039D000904226D0384A9032904222D0364AA832BD
:1039E00090421ED0354A90421BD0344A1432904245
:1039F00017D0324A2832904213D0304A3C3290429B
:103A00000FD02E4A503290420BD02C4A6432904252
:103A100007D02A4A7832904203D0284A8C3290420A
:103A20000DD1206E0268D20303D5026842F4807281
:103A30000260E06E18B1026842F480720260206891
:103A400088422CD0A8422AD0B04228D0B84226D0F2
:103A5000404524D0484522D0504520D058451ED05E
:103A6000154988421BD014491831884217D0124991
:103A70003031884213D01049483188420FD00E4966
:103A8000603188420BD00C497831884207D00A490E
:103A90009031884203D00849A831884204D1016896
:103AA00041F001010160AFE6016841F001010160F0
:103AB000AAE6000010000240100402400854025818
:103AC00070B5044600F062FF0546601C02D0044851
:103AD0000078044400F05AFF401BA042FAD370BDA6
:103AE0001C00002410B590F89830012B08D0022B50
:103AF00006D050F89C1F41F002010160012010BD6A
:103B000003689C6D0C4204D1DC6D44F00104DC655B
:103B100005E09C6D31EA04041CD00324DC658B05B0
:103B200004D5036853F8E04F14431C604B0504D5DB
:103B3000036853F8E44F14431C600068426D084B5F
:103B40000B401A4342650748026842EA91710160DE
:103B5000002010BDDC6D44F00204DC65DFE70000EE
:103B6000FFFFCF3F14A8004070B5044694F89800BA
:103B7000022806D054F89C0F40F008002060012075
:103B800070BD2068D0F8C03013F07C5F0AD0D0F848
:103B9000C4309B020DD554F89C0F40F40070206097
:103BA000012070BD54F89C0F40F0200020600120DF
:103BB00070BDD0F8C400C0F3044520462B46FDF785
:103BC00095FE21680120A840C1F8D000C4F89400F7
:103BD000002070BD704710B590F89820012A08D0D9
:103BE000022A06D050F89C1F41F00201016001201A
:103BF00010BDCA680B688BB1072A0B6943EA427390
:103C00002BD00C7A4A6942EA84724968006F00EB53
:103C1000C100036042604FF0000010BD072A10D0C1
:103C20000C7A4FEAC2624B6943EA84730C8A42EA17
:103C3000044243EA02034968C06E00EB810003605E
:103C4000E9E70B8A4FF060548A6942EA0343CA6984
:103C500044EA022243EA0203EDE78A69D5E730B578
:103C6000039C90F89850012D06D050F89C1F41F00D
:103C700004010160012030BD0068090141EA8201B0
:103C800041EA43012143C0F88010002030BD704755
:103C900070470000F0B5002490F89850022D06D02F
:103CA00050F89C1F41F0080101600120F0BD40293F
:103CB0000BD0412936D0056D8D4260D850F89C1F3D
:103CC00041F0200101600120F0BD0568D5F8A06039
:103CD00016F4FE0F18D0D5F8A46076061BD0D5F8E0
:103CE000A460F60105D5D5F8A06016F0004F00D508
:103CF0000124D5F8A450C5F305252C44456C466F26
:103D0000654306EB85063FE050F89C1F41F020011B
:103D100001600120F0BD50F89C1F41F480710160EA
:103D20000120F0BD0568D5F8B06016F4FE0F18D07C
:103D3000D5F8B46076061BD0D5F8B460F60105D589
:103D4000D5F8B06016F0004F00D50124D5F8B45076
:103D5000C5F305252C44C56C866F654306EB8506C7
:103D600012E050F89C1F41F0200101600120F0BDDD
:103D700050F89C1F41F4807101600120F0BD456D39
:103D8000C66F4D4306EB8506356805F080455560E6
:103D90002DB3356825F060451560356805F0005590
:103DA0009560356805F000451561B588ADB2D561FF
:103DB0007568C5F30345D560756805F480155561D0
:103DC000756805F4001595617568C5F3066515629B
:103DD00075680836ED0F55620025174F09E0356804
:103DE000C5F38A451560D8E716F805C003F805C085
:103DF0006D1CD2F80CC017F80CC0AC45F4D84029A3
:103E000009D041290BD0012220290CD200688A4018
:103E1000C0F898200DE00068C0F8A84009E00068EC
:103E2000C0F8B84005E0006801F01F018A40C0F802
:103E30009C200020F0BD000084DB000870470000DB
:103E40002DE9FE4F0446B64F38688007391D0968D2
:103E500000EA817002902068016D01F47041D0F891
:103E600054A00AEA010A016D01F00F01D0F854B024
:103E70000BEA010B016D01F0F001426D0A40019265
:103E8000016D01F07151D0F8548008EA0108016D0C
:103E900001F06071426D0A400092416D056D4FF076
:103EA0000009CE43F10509D4E943C90506D4B91583
:103EB0000165C7F800902046FFF7C0FF700510D4D9
:103EC000E84340050DD42068D0F8DC20D0F8E41099
:103ED00011404FF480620265C7F80090204600F060
:103EE0003FFC029858B18F49029808402168086544
:103EF0000298800F386002992046FFF76BFEBAF1F6
:103F0000000F0BD0216887480AEA000008654FEAD5
:103F10009A7038605146204600F024FCBBF1000F37
:103F20000BD021687F480BEA000008654FEA9B70C0
:103F300038605946204600F0D3FA019858B17949C3
:103F400001980840216808650198800F3860019940
:103F5000204600F07BFB30050BD4E843000508D475
:103F600021684FF400600865C7F80090204600F013
:103F7000FAFBB00510D4E84380050DD42068D0F8D2
:103F8000D820D0F8E01011404FF400720265C7F855
:103F90000090204600F0E5FB30030BD4E84300031B
:103FA00008D421684FF400200865C7F80090204627
:103FB00000F094FAF0030BD4E843C00308D421685E
:103FC0004FF480300865C7F80090204600F0C7FB2A
:103FD00070030BD4E843400308D421684FF48020D9
:103FE0000865C7F80090204600F0B8FBB0030ED477
:103FF000E84380030BD421684FF400300865C7F80C
:104000000090D4F89C0040F08000C4F89C00009818
:1040100058B1444900980840216808650098800F0D
:10402000386000992046FFF733FEB8F1000F0DD03D
:1040300021683C4808EA000008654FEA987038603B
:10404000D4F89C0040EA0800C4F89C003649206877
:1040500088425BD160688168890757D0016A01F0A6
:104060000F02416A1140026A02F03002476A1740AB
:10407000026A02F4C072D0F8248008EA0208026AD8
:1040800002F4FC42456A1540026A02F4F022466AD4
:104090001640D0F82490D0F820A019B10162204633
:1040A00000F059FB2FB1606807623946204600F0E6
:1040B00054FB6FEA090040060ED46FEA0A0040067E
:1040C0000AD46068C16B090CC26B02F03F02402346
:1040D0000362204600F040FBB8F1000F06D0606894
:1040E000C0F820804146204600F034FB35B16068BE
:1040F0000562D4F89C002843C4F89C0036B160687F
:104100000662D4F89C003043C4F89C00D4F89C00AC
:10411000002802D02046FFF7BAFDBDE8FE8F000060
:1041200010A80040FFFFCF3F00A000402DE9F04362
:1041300093B004464C2295496846FCF776F96CB179
:10414000934F2068B84202D100F5807060604FF450
:10415000407994F89800002620B108E0012013B0BF
:10416000BDE8F08384F89960204600F013F92068D8
:10417000816921F01001816100F008FC05464FF0D3
:1041800003080DE000F002FC401B0A2808D954F88F
:104190009C0F40F00100206004F8048C0120DEE751
:1041A000206880690007EDD42068816941F0010131
:1041B000816100F0EBFB05460DE000F0E7FB401BE2
:1041C0000A2808D954F89C0F40F00100206004F838
:1041D000048C0120C3E720688069C007EDD0206807
:1041E000816941F002018161207C012839D0206879
:1041F000816941F040018161607C012837D02068ED
:10420000816921F480418161A07C012835D020683A
:10421000816941F48051816120688169A26821F43B
:104220004071114381612068816921F0A40181619D
:104230002068016921F010010161E068012822D0A5
:1042400030B302282BD02068816941F08001816160
:104250002068016941F010010161E068032818D06D
:1042600022E02068816921F040018161C4E7206873
:10427000816941F480418161C6E72068816921F448
:1042800080518161C8E72068816941F00401816142
:104290000AE02068816941F02001816104E0206822
:1042A000816941F020018161207E401E4106E06964
:1042B000401E41EA0020216A491E0843A18A491E86
:1042C00040EA01402168C861A06848450FD1E16A11
:1042D000A06A491E401E40EA0121206B401E41EAAF
:1042E0000011A08C401E41EA00402168C860206E89
:1042F00028B1206850F8C01F626E11430160D4E9F4
:104300001701C842694609D0206850F8C82FA36E2B
:1043100022F0070251F823301A430260206C48B1A2
:10432000206850F8BC2F636C22F0070251F823304C
:104330001A430260A06C50B1206850F8BC2FE36CA7
:1043400022F0700251F8233042EA03120260206D1D
:1043500050B1206850F8BC2F636D22F4E06251F830
:10436000231042EA012101602068B84204D160684C
:10437000816821F00301816044F8946FA6600120F8
:104380002071943C2046FDF7D9F9E8E694DB00085B
:1043900000A000402DE9F04186B00446142101A898
:1043A000FCF75CF8474B002522680227464C4FF08B
:1043B000090CDFF80C8119680C3C434E4348491C3A
:1043C000424527D11960012907D1316841F4807134
:1043D0003160316801F480710091216841F0080179
:1043E0002160216801F008010091032101910297E9
:1043F00003950495CDF814C001A900F0B5F9002289
:104400000521132000F066FB132000F055FB06B0D9
:10441000BDE8F081DFF8B880424526D11960012956
:1044200007D1306840F480703060306800F48070EC
:104430000090206840F002002060206800F0020038
:10444000009060200190029703950495CDF814C068
:1044500001A9204800F088F900220521142000F06D
:1044600039FB142000F028FBD1E7DFF86CC062456F
:10447000CDD11960012907D1316841F480713160D3
:10448000316801F480710091216841F008012160D8
:10449000216801F0080100914FF440510191029709
:1044A000039504950521059101A900F05DF900220D
:1044B00005219F2000F00EFB9F2000F0FDFAA6E7EB
:1044C00000A0004018000024EC440258000C0258E0
:1044D00000A400400004025800D4004070470000CF
:1044E00070B50546C8077DD050492868884275D107
:1044F0004F484021FBF7B2FF4D4B40212846A3F126
:104500002802FFF7C7FB4A492839A1F1A804086827
:1045100011380A2862D2DFE800F0554761612C614A
:104520001F11053ACA684249424808F09DFAD4E989
:104530000001401C41F1000103C44FE03D48CA683E
:104540003B49E03808F090FAD4E90201401C41F1FF
:104550000001C4E9020141E0CA683549364808F063
:1045600083FAD4E90401401C41F10001C4E90401CB
:1045700034E03148CA682E49E03808F075FAD4E9C9
:104580000601401C41F10001C4E9060126E0CA68A9
:1045900027492A4808F068FAD4E90801401C41F18B
:1045A0000001C4E9080119E02448CA682049E0383C
:1045B00008F05AFAD4E90A01401C41F10001C4E9AB
:1045C0000A010BE0CA681A491D4808F04DFAD4E9FF
:1045D0000C01401C41F10001C4E90C011949286893
:1045E000884200E021E020D111484021D030FBF783
:1045F00035FF0F4B40212846D033A3F12802FFF7A7
:1046000049FB0B48A830016819290ED1C26800F196
:1046100028010D4808F012FB05489838D0E910121F
:10462000491C42F10002C0E9101270BD00A0004018
:10463000D8960024408D0024808B0024C08900245B
:104640000088002400D400402495002410B50446BE
:10465000C80626D52E492068884222D12D484021FF
:10466000FBF7FCFE2B4B41212046A3F12802FFF76C
:1046700011FB28482838A0F1900401681139052958
:104680000FD2DFE801F0382A1D0F0300C26821496C
:10469000214808F0E9F9D4E90001401C41F100018A
:1046A00003C410BDC2681C481A49E03008F0DCF9A8
:1046B000D4E90201401C41F10001C4E9020110BD2E
:1046C000C2681449154808F0CFF9D4E90401401C28
:1046D00041F10001C4E9040110BDC2680F480D4951
:1046E000E03008F0C1F9D4E90601401C41F10001B5
:1046F000C4E9060110BDC2680649094808F0B4F9CA
:10470000D4E90801401C41F10001C4E9080110BDD1
:1047100000A4004040970024E0810024A0830024EE
:104720006085002490F89810012906D050F89C1F4D
:1047300041F00401016001207047022180F89810C7
:1047400001688A6922F001028A610021C0F89C1088
:104750000020704770477047704770477047704738
:1047600070477047704770472DE9F84F0022784D29
:1047700003264FF001080F274FF0B04CE1E008FA94
:1047800002F31C409A46002C7ED00B7903F0030301
:10479000012B01D0022B1BD1D0F80890530006FA50
:1047A00003FB29EA0B09D1F80CB00BFA03FB4BEA27
:1047B000090BC0F808B0436823EA0A0391F8049093
:1047C000C9F3001909FA02F949EA0309C0F804908B
:1047D0000B79DB439B070ED0D0F80C90530006FA00
:1047E00003FA29EA0A09D1F808A00AFA03FA4AEA00
:1047F000090AC0F80CA00B7903F00303022B14D1B3
:10480000D30800EB8303D3F820A04FEA42794FEAA4
:10481000D96907FA09FB2AEA0B0AD1F810B00BFA9A
:1048200009FB4BEA0A0BC3F820B0D0F80090530004
:1048300006FA03FA29EA0A0991F804A00AF0030A21
:104840000AFA03FA4AEA090AC0F800A04B6813F40E
:10485000403F75D03F4BD3F8009049F00209C3F8B0
:1048600000901B6803F00203009322F0030909F192
:10487000B049D9F808B493074FEA137A07FA0AF354
:104880002BEA030B344B00E05AE0984201D100239D
:1048900028E0324B984201D1012323E0304B98426B
:1048A00001D102231EE02F4B984201D1032319E0CE
:1048B0002D4B984201D1042314E02C4B984201D196
:1048C00005230FE02A4B984201D106230AE0294B29
:1048D000984201D1072305E0274B984201D10923D3
:1048E00000E00A2303FA0AF343EA0B03C9F8083489
:1048F000DCF80030A343D1F804905FEAC92900D561
:104900002343CCF80030DCF80430A343D1F8049002
:104910005FEA892900D52343CCF804306B68A343B0
:10492000D1F804905FEA893900D523436B602B6886
:10493000A343D1F804905FEAC93900D523432B6023
:10494000521C0C6834FA02F37FF419AFBDE8F88FFB
:1049500080000058F4440258000002580004025835
:1049600000080258000C02580010025800140258A7
:1049700000180258001C025800240258002A01D0D6
:1049800081617047090481617047000001488068B7
:10499000704700001C00002402488168027811441E
:1049A000816070471C00002410B5032000F0B2F8AD
:1049B00002F0D4F90F490A68C2F303230E4AD35C0C
:1049C00003F01F03D840096801F00F01515C0B4A46
:1049D00001F01F0120FA01F11160094908600F2060
:1049E00000F010F808B1012010BD00F053F80020CD
:1049F00010BD00001844025808DC00082C000024F8
:104A00002800002410B58AB00446102C30D20022B1
:104A100021461C2000F05EF81C2000F04DF81948DB
:104A200004601948016841F001010160006800F06C
:104A30000100009001A902A802F01AF90798C8B174
:104A400002F068F940001149B0FBF1F1491E10482D
:104A50004FF08042026040F2E732C26041600021C4
:104A60000161816003F010F838B101200AB010BD77
:104A70000120FBE702F04EF9E5E7054803F02CF8CA
:104A8000F4E7000020000024E844025840420F00F0
:104A9000A408002482B00748016841F002010160C7
:104AA000006800F00200019000220F21901E02B069
:104AB00000F010B8F4440258002809DB012100F08E
:104AC0001F0291404009800000F1E020C0F8001171
:104AD00070470000F0B40D460D4B1B68C3F3022372
:104AE000C3F10704042C00D90424191D072901D29D
:104AF000002300E0DB1E012606FA04F1491E2940CE
:104B000099409E40761E16403143F0BC07F0BCBC75
:104B10000CED00E000F00701054A10684FF6FF03B6
:104B2000184040EA01200349084310607047000024
:104B30000CED00E00000FA0501680122C0F8D8245D
:104B4000002280F8CC24886940F000608861486DBC
:104B5000024A10434865002070470000030000101F
:104B60007047006841620020704770B50368586A5A
:104B7000002907D09C6A00EB14440020491E4FF422
:104B800082750AE040EA024098620DE005EB80067B
:104B90009E5904EB1644401CC0B28842F6D305EB84
:104BA000810144EA02405850002070BDD0F8E00472
:104BB00006F01BBA01EBC10200EB8202D0F8E00460
:104BC000126A06F03FB901EBC10200EB8202D0F895
:104BD000E004D2F8602206F0A3B9D0F8E00406F0B1
:104BE00006BA0A0601F00F0101EBC10100EB8101D9
:104BF00001D5143101E001F51571006807F066B9BF
:104C000070B504464FF0010201F00F004FF00005AF
:104C10000B0600EBC00104EB810102D514314A7090
:104C200002E001F515714D70087094F894040128A4
:104C300008D084F89424206806F064FE84F8945424
:104C4000002070BD022070BD70B5044601F00F0059
:104C50002279904201D9012070BD0B064FF001026C
:104C600001F00F014FF0000501EBC10104EB8101E0
:104C700002D514314A7002E001F515714D708D7046
:104C8000087094F89404012808D084F894242068CB
:104C900006F09EFF84F89454002070BD022070BD81
:104CA00001F00F0101EBC10100EB8100D0F86802B7
:104CB00070472DE9F04104464FF0010601F00F0066
:104CC0004FF000050F0600EBC00104EB810102D597
:104CD00014314E7002E001F515714D7008708A6054
:104CE0000B714A7802B14883022B00D14D7194F8C0
:104CF0009404012809D084F89464206806F042FDE9
:104D0000284684F89454BDE8F0810220FBE710B5F2
:104D100001F00F0404EBC40100EB810101F51571F2
:104D2000CA600B6100234B614B700C708379012BBF
:104D300000D1CA618279006806F0A2FF002010BD90
:104D400070B504460D4605F00F002179884201D95F
:104D5000012070BD29064FF000064FF0010206D574
:104D600000EBC00104EB810114314A7006E005EB51
:104D7000C50104EB810101F515714E708A70087050
:104D800094F89404012807D084F89424206806F04D
:104D90004BFF280702D007E0022070BDA17904F282
:104DA0009C42206806F0EAFE84F89464002070BDFE
:104DB00010B501F00F0404EBC40100EB81011431C4
:104DC000CA600B6100234B6101234B700C70837927
:104DD000012B00D1CA618279006806F051FF0020E2
:104DE00010BD2DE9F84F04462568284607F018F94C
:104DF00000287ED1206807F03FF9002879D0D5F847
:104E00000808C0F30D20C4F8D404206807F034F972
:104E1000800704D52068416901F0020141612068E2
:104E200007F02AF9C10604F29C40009035D52068AD
:104E3000816921F0100181612F6A07F00F0000EBFA
:104E4000C00004EB800606F51576C7F34340022840
:104E500002D0062812D01BE047F6F070074217D0A8
:104E6000C7F30A12F1681746284607F009F9F068F7
:104E70003844F06070693844706109E00099082294
:104E8000284607F0FDF87069C7F30A1108447061FD
:104E90002068816941F010018161206807F0ECF819
:104EA00000034FF0080B4FF000094FF001085ED5EA
:104EB0000026206807F0BFF8824655E05FEACA7016
:104EC0004FD02068F1B207F0CFF80746F80707D0B7
:104ED00005EB4610C0F8088B3146204603F0E4FF8E
:104EE000380709D505EB4610C0F808BB3146204607
:104EF00000E015E203F0B4FFF80604D505EB461117
:104F00001020C1F8080BB8071CD56869000605D544
:104F1000D5F8040840F48061C5F8041806EBC60013
:104F200004EB800000F51570C178012905D180F8E7
:104F300003902046F1B200F0F9F905EB461002218A
:104F4000C0F8081BB80604D505EB46102021C0F8B0
:104F5000081BB80405D505EB46104FF40051C0F806
:104F6000081B761C4FEA5A0ABAF1000FA6D1206836
:104F700007F082F840036CD5206807F055F88246A8
:104F8000002663E05FEACA705DD02068F1B207F0E6
:104F900059F80746F80723D006F00F0108FA01F088
:104FA000D5F834188143C5F8341805EB4610C0F81D
:104FB0000889A07901280FD106EBC60004EB800018
:104FC000D0E907211144016236B9606A20B920682E
:104FD0000121009A06F0D2FD2046F1B2FFF7EAFD6A
:104FE000380703D505EB4610C0F808B9F80604D514
:104FF00005EB46111020C1F80809780604D505EB29
:1050000046104021C0F80819B80716D53146284681
:1050100006F0D4FF06EBC60004EB80001430C17824
:10502000012905D180F803902046F1B200F07AF909
:1050300005EB46110220C1F80809380603D53146B0
:10504000204603F0A3FF761C4FEA5A0ABAF1000F7C
:1050500098D1206807F010F8002811DAD5F8040874
:1050600020F00101C5F8041894F8CC04012839D0C7
:10507000204600F014FA2068416901F000414161C6
:10508000206806F0F9FF00050BD5D5F80808C00721
:1050900002D0204600F046FA2068416901F4006120
:1050A0004161206806F0E8FF00010AD520684169E7
:1050B00001F00061416194F8CC04D0B1204600F0C9
:1050C00031FA206806F0D8FFC0046ED5D5F8040880
:1050D00020F00101C5F804182068102106F06EFFC9
:1050E00000212DE084F8CC9400212046FFF738FD04
:1050F000C1E784F8CC842068406DC0F38300C4F815
:10510000D00401212046FFF72BFDDAE705EB411023
:105110004FF67F3200F510608260036823F40013BD
:105120000360C0F80822D0F8002222F40012C0F870
:105130000022D0F8002242F00062C0F80022491C90
:1051400020798842E2D8D5F81C0840F00111C5F852
:105150001C18E07B60B1D5F8840840F00B01C5F85D
:105160008418D5F8440840F00B01C5F844180CE049
:10517000D5F8140842F22B010843C5F81408D5F8F5
:10518000100840F00B01C5F81018D5F8000820F4FD
:10519000FE61C5F80018A1792068009A06F0EEFCBF
:1051A0002068416901F480514161206806F064FF84
:1051B000800415D5206806F027FB206806F020FF44
:1051C000E07101F085FDE2790146206806F0BEFF3E
:1051D000204600F04DF92068416901F40051416119
:1051E000206806F049FF000707D5204600F05BF96C
:1051F0002068416901F008014161206806F03CFF28
:10520000000615D5A86920F08001A96101260CE0EF
:1052100006EBC60004EB800090F85702012803D18A
:105220002046F1B2FFF7DDFC761C2079B042EFD8C2
:10523000206806F021FFC0021FD5012615E005EB0E
:105240004610D0F8001906EBC60004EB8000027E81
:10525000012A09D1002907DA80F81780F0B240F05E
:1052600080012046FFF7BDFC761C2079B042E6D8CD
:105270002068416901F480114161206806F0FCFE5C
:10528000800230D5012026E005EB4011D1F8001B4B
:1052900000EBC00204EB820292F85832012B19D1C4
:1052A000002917DA94F8D43401F4803103F00103B3
:1052B00099420FD182F85782A96941F08002AA6110
:1052C0006969090606D4D5F8040840F40070C5F8E9
:1052D000040803E0401C21798142D5D82068416947
:1052E00001F400114161206806F0C6FE400007D5B8
:1052F0002046FFF75BFC2068416901F08041416175
:10530000206806F0B9FE40070AD52068456868079E
:1053100002D52046FFF761FC2068416829434160BF
:10532000BDE8F88FD0F8E00405F0B9BED0F8E0048D
:1053300005F0CABEF8B50446002C04D094F89504D4
:10534000002510B106E00120F8BD84F894542046F1
:1053500000F05CF8032084F89504206806F008FC4F
:10536000207C8DF8000094E80F0006F05BFA02261E
:1053700018B184F895640120F8BD2068002106F07A
:105380009EFE18B184F895640120F8BD0021012724
:105390000CE001EBC10004EB800047750175C1858D
:1053A0000576C56105624562491CC9B2207988420B
:1053B000EFD800210DE001EBC10004EB800000F507
:1053C00015704570017005718560C5600561491CE7
:1053D000C9B220798842EED8207C8DF8000094E88C
:1053E0000F0006F00FFB18B184F895640120F8BD9A
:1053F000657484F89574207B012802D12046FFF75C
:105400009BFB206806F0F0FA0020F8BD10B5B0B0A4
:105410000446B82102A8FBF721F813492068884206
:1054200020D100204FF48021CDE902104FF440102C
:10543000239002A800F016FE08B1FCF7EAF800F08D
:10544000B5F80A48016841F000710160006800F099
:1054500000700190002205214D20FFF73BFB4D20FD
:10546000FFF72AFB30B010BD00000440D8440258BA
:1054700070B504460125E07900280ED0022801D03D
:10548000FCF7C7F8D4F8E004294605F08EFED4F8FE
:10549000E004BDE8704005F041BE0025F2E7D0F819
:1054A000E00405F06BBED0F8E00405F071BE10B565
:1054B000044694F8940401280AD0012084F8940446
:1054C0006174206806F02BFE002084F8940410BD5F
:1054D000022010BDD0F8E02400F29C41104605F0F7
:1054E00070BE10B50446206894F89414012909D0C0
:1054F000012184F89414C168490609D5617B01290A
:1055000002D005E0022010BD816B41F4803181633F
:10551000206806F02DFD206806F058FA002084F877
:10552000940410BD10B50446D4F8E00405F08BFED9
:105530002068D0F8001E41F00101C0F8001EE07A9A
:10554000002804D00248016841F00601016010BD46
:1055500010ED00E070B514490A68D243520708D52F
:10556000096801F00701814201D0012070BD0020CF
:1055700070BD0A6822F0070202430A60FFF706FACC
:105580000446094D4FF47A76083D06E0FFF7FEF930
:10559000001BB04201D9012070BD2868C0438004BF
:1055A000F4D4002070BD00000C4802580248016885
:1055B00041F08071016070470C48025810B501F04D
:1055C00087FB05490968054AC1F30211515C01F0E6
:1055D0001F01C84010BD00002044025808DC00082C
:1055E00010B569490A6802F003020968C1F30511A0
:1055F000654B1B1D1B6803F00103634C0C342468CE
:10560000C4F3CC0414FB03F300EE103AB8EE400AE6
:10561000002971D09FED5D1A9FED5D2A5A4BF7EE80
:10562000000A0833F2B3012A7DD0022A7AD001EEB3
:10563000901A1968F8EE611AC2EE212AC1F3080126
:1056400001EE901AF8EE611A40EE011A31EEA00A4E
:1056500022EE800A1968C1F3462101EE101AB8EE55
:10566000411A31EE201AC0EE011ABCEEE11A80EDAB
:10567000001A1968C1F3064101EE101AB8EE411A7A
:1056800031EE201AC0EE011ABCEEE11A80ED011ACB
:105690001968C1F3066101EE101AB8EE411A71EEF5
:1056A000200A00E006E080EE201ABCEEC10A80ED80
:1056B000020A10BD344A283A1468A4061ED512689E
:1056C000C2F3C104334AE24001EE902AF8EE612AA7
:1056D00001EE901A1968F8EE611A82EEA12AC1F360
:1056E000080101EE901AF8EE611A40EE011A31EE4F
:1056F000A00A22EE000AADE741E014E001EE901AA4
:105700001968F8EE611AC2EE212AC1F3080101EE10
:10571000901AF8EE611A40EE011A31EEA00A22EE5C
:10572000800A97E715E001EE901ADFED1B2A196851
:10573000F8EE611A82EEA12AC1F3080101EE901A77
:10574000F8EE611A40EE011A31EEA00A22EE000ACC
:1057500080E701EE901ADFED112A1968F8EE611A60
:1057600082EEA12AC1F3080101EE901AF8EE611A47
:1057700040EE011A31EEA00A22EE000A6AE700218B
:1057800001604160816010BD28440258000000396A
:105790000024744C0090D0030024744A001BB74BC3
:1057A00010B569490A6802F003020968C1F30531BE
:1057B000654B1B1D1B68C3F30013634C1434246832
:1057C000C4F3CC0414FB03F300EE103AB8EE400A25
:1057D000002971D09FED5D1A5B4BF7EE000A103384
:1057E000F2B39FED5B2A012A7FD0022A7CD001EE22
:1057F000901A1968F8EE611AC2EE212AC1F3080165
:1058000001EE901AF8EE611A40EE011A31EEA00A8C
:1058100022EE800A1968C1F3462101EE101AB8EE93
:10582000411A31EE201AC0EE011ABCEEE11A80EDE9
:10583000001A1968C1F3064101EE101AB8EE411AB8
:1058400031EE201AC0EE011ABCEEE11A80ED011A09
:105850001968C1F3066101EE101AB8EE411A00E0B2
:1058600008E071EE200A80EE201ABCEEC10A80ED3D
:10587000020A10BD344A283A1468A4061ED51268DC
:10588000C2F3C104334AE24001EE902AF8EE612AE5
:1058900001EE901A1968F8EE611A82EEA12AC1F39E
:1058A000080101EE901AF8EE611A40EE011A31EE8D
:1058B000A00A22EE000AADE741E016E001EE901AE0
:1058C000DFED252A1968F8EE611A82EEA12AC1F3EC
:1058D000080101EE901AF8EE611A40EE011A31EE5D
:1058E000A00A22EE000A95E713E001EE901A19686B
:1058F000F8EE611AC2EE212AC1F3080101EE901AF6
:10590000F8EE611A40EE011A31EEA00A22EE800A8A
:1059100080E701EE901ADFED112A1968F8EE611A9E
:1059200082EEA12AC1F3080101EE901AF8EE611A85
:1059300040EE011A31EEA00A22EE000A6AE70021C9
:1059400001604160816010BD2844025800000039A8
:105950000024744A0090D0030024744C001BB74B01
:1059600010B569490A6802F003020968C1F30551DC
:10597000654B1B1D1B68C3F30023634C1C34246858
:10598000C4F3CC0414FB03F300EE103AB8EE400A63
:10599000002971D09FED5D1A5B4BF7EE000A1833BA
:1059A000F2B39FED5B2A012A7FD0022A7CD001EE60
:1059B000901A1968F8EE611AC2EE212AC1F30801A3
:1059C00001EE901AF8EE611A40EE011A31EEA00ACB
:1059D00022EE800A1968C1F3462101EE101AB8EED2
:1059E000411A31EE201AC0EE011ABCEEE11A80ED28
:1059F000001A1968C1F3064101EE101AB8EE411AF7
:105A000031EE201AC0EE011ABCEEE11A80ED011A47
:105A10001968C1F3066101EE101AB8EE411A00E0F0
:105A200008E071EE200A80EE201ABCEEC10A80ED7B
:105A3000020A10BD344A283A1468A4061ED512681A
:105A4000C2F3C104334AE24001EE902AF8EE612A23
:105A500001EE901A1968F8EE611A82EEA12AC1F3DC
:105A6000080101EE901AF8EE611A40EE011A31EECB
:105A7000A00A22EE000AADE741E016E001EE901A1E
:105A8000DFED252A1968F8EE611A82EEA12AC1F32A
:105A9000080101EE901AF8EE611A40EE011A31EE9B
:105AA000A00A22EE000A95E713E001EE901A1968A9
:105AB000F8EE611AC2EE212AC1F3080101EE901A34
:105AC000F8EE611A40EE011A31EEA00A22EE800AC9
:105AD00080E701EE901ADFED112A1968F8EE611ADD
:105AE00082EEA12AC1F3080101EE901AF8EE611AC4
:105AF00040EE011A31EEA00A22EE000A6AE7002108
:105B000001604160816010BD2844025800000039E6
:105B10000024744A0090D0030024744C001BB74B3F
:105B20002DE9F04F89B0FA4CF84A80F48079DFF81B
:105B3000DC834FF080572511F64BDFF8DCA3503A99
:105B400059EA0109A8F104064FF0005C31D0DFF8F2
:105B5000BC9380F4806B5BEA010B09F1080974D0F7
:105B600080F4006B5BEA010B6AD080F4805B5BEA37
:105B7000010B77D080F4005B5BEA010B4FF4803AB5
:105B80004FF4003E6FD080F4002B5BEA010B6BD02A
:105B900080F4803B5BEA010B67D080F480460E43C3
:105BA00074D080F40040084371D0002009B0BDE8F3
:105BB000F08FD8F8000000F00700052843D2DFE896
:105BC00000F0030D174021001068800104D506A8DD
:105BD000FFF706FD0798E9E70020E7E710680001F6
:105BE00004D503A8FFF7DCFD0398DFE70020DDE71D
:105BF0001068800004D56846FFF7B2FE0098D5E72C
:105C00000020D3E7306800F040501168490700D504
:105C100030B11168C90509D5B84207D12846C5E792
:105C20001068C0F3C10024FA00F0BFE711688903CF
:105C300003D5604501D11846B8E70020B6E704E077
:105C40005BE05046B2E70020B0E7D9F8000000F46E
:105C50006000B0F5800F27D008DC78B1B0F5001FE8
:105C60000AD117E09BE0ECE030E174E1B0F5C00F41
:105C700041D0B0F5000F21D0002097E710688001D7
:105C800006D506A8FFF7ACFC07988FE77FE1C3E1D4
:105C900000208BE71068000104D503A8FFF780FD02
:105CA000039883E7002081E71068800004D56846E8
:105CB000FFF756FE009879E7002077E7306800F09C
:105CC00040501168490700D530B11168C90509D5A0
:105CD000B84207D1284669E71068C0F3C10024FA2A
:105CE00000F063E71168890303D5604501D11846C8
:105CF0005CE700205AE7504658E7D9F8000000F06A
:105D0000E060B0F1007F21D004DC58B1B0F1807FB9
:105D100006D111E0B0F1407F3FD0B0F1806F1FD0CD
:105D2000002043E71068800104D506A8FFF758FC5F
:105D300007983BE7002039E71068000104D503A865
:105D4000FFF72EFD039831E700202FE71068800051
:105D500004D56846FFF704FE009827E7002025E7F2
:105D6000306800F040501168490700D530B1116823
:105D7000C90509D5B84207D1284617E71068C0F30E
:105D8000C10024FA00F011E71168890303D56045CA
:105D900001D118460AE7002008E7504606E7D8F880
:105DA000000000F4E040B0F5005F21D004DC58B101
:105DB000B0F5805F06D111E0B0F5405F3FD0B0F59F
:105DC000804F1FD00020F1E61068800104D506A89E
:105DD000FFF706FC0798E9E60020E7E610680001F7
:105DE00004D503A8FFF7DCFC0398DFE60020DDE61E
:105DF0001068800004D56846FFF7B2FD0098D5E62C
:105E00000020D3E6306800F040501168490700D503
:105E100030B11168C90509D5B84207D12846C5E691
:105E20001068C0F3C10024FA00F0BFE611688903CE
:105E300003D5604501D11846B8E60020B6E65046C5
:105E4000B4E6D8F8000000F4E020B0F5403F24D0DC
:105E50000CDC98B1504514D070450DD1106880000D
:105E600019D56846FFF77CFD01989FE6B0F5802FB5
:105E70001ED0B0F5A02F22D0002097E600F04AFFF8
:105E800094E61068000104D503A8FFF789FC049884
:105E90008CE600208AE6002088E61068400705D5D9
:105EA0001068C0F3C10024FA00F07FE600207DE610
:105EB0001068C00501D5284678E6002076E610680F
:105EC000800301D5184671E600206FE6D9F800007E
:105ED00000F4403088B1504522D0704539D1306847
:105EE00000F040501168490700D518B31168C90582
:105EF00026D5B84224D1284658E6106800010DD5B1
:105F000003A8FFF74DFC039850E6000050440258E8
:105F10000090D00300366E010080BB00002045E6F3
:105F20001068800004D56846FFF71AFD02983DE628
:105F300000203BE61068C0F3C10024FA00F035E60B
:105F40001168890303D5604501D118462EE600206B
:105F50002CE600202AE6306800F4803048B1504535
:105F600013D1106800010ED503A8FFF719FC05989E
:105F70001CE61068800104D506A8FFF731FB0798DE
:105F800014E6002012E6002010E600200EE6D9F804
:105F9000000000F0E040B0F1405F24D00CDC98B18C
:105FA000B84214D060450DD11068800019D56846FC
:105FB000FFF7D6FC0198F9E5B0F1804F1ED0B0F1A3
:105FC000A04F22D00020F1E5FFF7F8FAEEE51068C7
:105FD000000104D503A8FFF7E3FB0498E6E50020E1
:105FE000E4E50020E2E51068400705D51068C0F33D
:105FF000C10024FA00F0D9E50020D7E51068C005FB
:1060000001D52846D2E50020D0E51068800301D5EF
:106010001846CBE50020C9E5D8F8000000F0405054
:1060200058B1B84210D060451AD11068000115D59A
:1060300003A8FFF7B5FB0498B8E51068800301D505
:106040001846B3E50020B1E51068800104D506A824
:10605000FFF7C6FA0798A9E50020A7E50020A5E507
:106060000020A3E52DE9FC5F044600250026F94F3A
:106070002068DFF8E493C043010104F108000190B7
:1060800004F1280000900DD4606EB8B1B0F5801F07
:1060900019D0B0F5001F1CD0B0F5401F00D001256D
:1060A000EDB12E462088C043C00535D4A06D05282B
:1060B0002FD2DFE800F01D22282F2F00386840F48F
:1060C00000303860ECE70198022102F0D1FF05466C
:1060D000E6E70098022103F05DF80546E0E7D9F80D
:1060E0000000616E20F440100843C9F80000D9E7B1
:1060F000386840F4003038600CE00198002102F06C
:10610000B7FF054606E00098002103F043F8054676
:1061100000E00125A5B12E462088DFF84083C0436A
:1061200040051FD4D4F8A400B0F5C00F18D010DC7F
:1061300050B3B0F5001F2CD0B0F5800F0FD12EE07A
:10614000D9F80000A16D20F007000843C9F800004D
:10615000E2E7B0F5000F03D0B0F5200F00D0012525
:106160001DB32E462088C043000531D4D4F8A800C2
:10617000B0F1407F2AD022DCF0B3B0F1807F4BD069
:10618000B0F1007F21D14DE0386840F40030386034
:10619000E6E70198002102F06BFF0546E0E7009872
:1061A000002102F0F7FF0546DAE7D8F80000D4F83E
:1061B000A41020F460000843C8F80000D2E7B0F152
:1061C000806F03D0B0F1A06F00D0012585B32E46BB
:1061D0002068C04380010AD4E06C30B1102832D06E
:1061E000202836D0302800D001258DB32E462088B7
:1061F000C043C00446D400E009E0E06DB0F5005FA4
:106200005CD036DCA0B3B0F5805F38D150E03868A0
:1062100040F400303860D9E70198002102F028FFEF
:106220000546D3E70098002102F0B4FF0546CDE70C
:10623000FFE7D8F80000D4F8A81020F0E060084389
:10624000C8F80000C4E7386840F400303860CCE794
:1062500005E00198022102F00BFF0546C5E77E48E4
:10626000001F0168E26C21F0300111430160BEE7BC
:1062700019E0B0F5405F03D0B0F5804F00D00125A4
:1062800015B32E462088C04380042FD4206EB0F56D
:10629000403F29D021DC38B3B0F5803F38D0B0F58D
:1062A000003F20D13AE0386840F400303860E7E73A
:1062B0000198002102F0DCFE0546E1E7009800218C
:1062C00002F068FF0546DBE7D9F80000E16D20F435
:1062D000E0400843C9F80000D4E7B0F5802F03D0B0
:1062E000B0F5A02F00D00125F5B12E462088C0437F
:1062F00040042BD4D4F8AC00B0F1405F24D01CDCB7
:1063000010B3B0F1805F4FD0B0F1005F1BD152E00D
:106310000198012102F0ACFE0546E5E70098012155
:1063200002F038FF0546DFE7D9F80000216E20F4BF
:10633000E0200843C9F80000D8E7B0F1804F03D04F
:10634000B0F1A04F00D00125A5B32E462088C04350
:1063500000040AD4E06E30B1B0F1805F3DD0B0F1FE
:10636000005F3FD00125B5B32E462068C043C00171
:106370000AD4A06C30B1012843D0022846D00328AB
:1063800000D0012545B32E462068C04340025AD4B0
:10639000DFF8CCB0DBF8000040F48070CBF80000F0
:1063A000FEF7F4FA824648E00198012102F060FE0F
:1063B0000546C9E705E00098012102F0EBFE05461D
:1063C000C2E7D8F80000D4F8AC1020F0E040084351
:1063D000C8F80000BAE70BE01EE0386840F400306F
:1063E0003860C0E70198012102F042FE0546BAE795
:1063F000D9F80000E16E20F040500843C9F80000D1
:10640000B3E7386840F400303860BBE701980221F8
:1064100002F02EFE0546B5E70F48001F0168A26C8A
:1064200021F0030111430160AEE7FEF7AFFAA0EBE4
:106430000A00642801D9032503E0DBF80000C00549
:10644000F3D58DB12E462078DFF818A0C043C007E1
:1064500063D073E02C440258504402585844025808
:106460000048025854440258DFF850B4DBF80000EA
:10647000B4F8B01000F4407001F44071884211D0BB
:10648000DBF8000020F44070DBF8001041F48031AC
:10649000CBF80010DBF8001021F48031CBF80010AD
:1064A000CBF80000D4F8B000B0F5807F11D1FEF732
:1064B0006DFA824609E0FEF769FAA0EB0A0141F2A3
:1064C0008830814201D9032503E0DBF80000800712
:1064D000F1D50DB12E46B6E7D4F8B000C0F30121D6
:1064E00003290FD0F5486038016821F47C51016020
:1064F000DBF80000B4F8B010C1F30B010843CBF88F
:106500000000A0E7ED4960390A68ED4B22F47C52A7
:10651000184042EA10100860EAE7A06F18280BD074
:1065200005DC48B1082815D0102804D118E020282F
:1065300002D0282800D00125C5B12E462078C043BE
:1065400080072BD4606F062825D2DFE800F02518DD
:106550001E2525250198012102F08AFD0546EBE75D
:106560000098012102F016FE0546E5E7DAF8000082
:10657000A16F20F038000843CAF80000DEE7019858
:10658000012102F075FD054606E00098012102F0A8
:1065900001FE054600E001256DB12E462078C0437E
:1065A000400720D4D4F89000062819D2DFE800F084
:1065B000190C12191919DAF80000616F20F00700A0
:1065C0000843CAF80000E9E70198012102F050FDF4
:1065D000054606E00098012102F0DCFD054600E0DA
:1065E000012595B12E462078C043800620D4D4F8EA
:1065F0008C00B0F1405F19D011DCB8B1B0F1805F10
:1066000028D0B0F1005F10D12AE0D8F80000D4F80B
:10661000901020F007000843C8F80000E3E7B0F14D
:10662000804F03D0B0F1A04F00D00125F5B12E4628
:106630002078C04340062CD4D4F89800B0F5406FC1
:1066400025D01DDC18B3B0F5806F34D0B0F5006FE5
:106650001CD136E00198002102F00AFD0546E5E76D
:106660000098022102F096FD0546DFE7DAF8000007
:10667000D4F88C1020F0E0400843CAF80000D7E7B7
:10668000B0F5805F03D0B0F5A05F00D00125F5B173
:106690002E462078C04300062CD4D4F89C00B0F5D8
:1066A000C04F25D01DDC18B3B0F5005F2CD0B0F57D
:1066B000804F1CD12EE00198002102F0D9FC054644
:1066C000E5E70098022102F065FD0546DFE7D8F80E
:1066D0000000D4F8981020F4E0500843C8F80000F7
:1066E000D7E7B0F5004F03D0B0F5204F00D001251B
:1066F000B5B12E462078C04300072AD4D4F88000D4
:10670000B0F5805F16D01BE00198002102F0B0FCCC
:106710000546EDE70098022102F03CFD0546E7E75B
:10672000D8F80000D4F89C1020F460400843C8F862
:106730000000DFE70098022102F02CFD00B10126E5
:10674000DAF80000D4F8801020F440500843CAF86A
:1067500000002078C043C00613D4D4F89400B0F5EC
:10676000807F05D10098022102F014FD00B10126BE
:10677000D8F80000D4F8941020F440700843C8F80A
:1067800000002068C04300030BD4D4F8A000E8B395
:10679000B0F5803F7DD0B0F5003F00D00125B5B306
:1067A0002E462068C04340030DD4D4F88400B0F5D1
:1067B000801F70D0B0F5001F6ED0B0F5401F00D024
:1067C00001252DB32E462068C043C00307D4206D99
:1067D000F0B3B0F5803F75D00125D5B32E462068C3
:1067E000C043800005D40098022102F0D3FC00B120
:1067F00001262068C043800311D4E06F68B1B0F572
:10680000807F76D0B0F5007F07D002E05BE066E0E5
:106810007BE0B0F5407F00D00125DDB32E46206837
:10682000C043C00207D4D9F80000216F20F0004017
:106830000843C9F800002068C043800207D4D9F893
:106840000000A16E20F080700843C9F8000001E04C
:1068500065E06FE02068C04340000AD41748603804
:10686000016821F4004101600168D4F8B4201143AB
:1068700001602068C04307D4104824380168626D65
:1068800021F04051114301602068C04300020DD443
:1068900003E01EE05BE02DE031E0DAF80000D4F820
:1068A000881020F440000843CAF800002079002531
:1068B000C04300F00100284352D057E07044025812
:1068C000FFFCFF0F30E00198002102F0D1FB0546EC
:1068D00065E70098022102F05DFC05465FE7D8F805
:1068E0000000D4F8A01020F440300843C8F800009D
:1068F00057E727E0386840F40030386061E70098D7
:10690000012102F047FC05465BE7DAF80000D4F805
:10691000841020F440100843CAF8000053E7386898
:1069200040F40030386058E70198022102F0A0FBE3
:10693000054652E72E480168226D21F4803111434B
:1069400001604CE7386840F40030386065E7DAF8F9
:106950000000E16F20F440700843CAF800005EE7D1
:106960000198002102F084FB00B106462079C04363
:1069700000F00200284305D10198012102F078FBC4
:1069800000B106462079C04300F00400284305D139
:106990000198022102F06CFB00B106462079C04349
:1069A00000F00800284305D10098002102F0F2FB16
:1069B00000B106462079C04300F01000284305D1FD
:1069C0000098012102F0E6FB00B106462079C043A1
:1069D00000F02000054305D10098022102F0DAFB07
:1069E00000B1064616B10120BDE8FC9F0020FBE780
:1069F0004C4402582DE9F05F04460D46002C17D098
:106A0000DFF84C82D8F8000000F00F00A84211D245
:106A1000D8F8000020F00F002843C8F80000D8F88C
:106A2000000000F00F00A84204D00120BDE8F09F54
:106A30000120FBE72078874E40070AD5206931689E
:106A400001F07001884204D9316821F070010143DE
:106A500031602078804F00070AD56069396801F0FD
:106A60007001884204D9396821F07001014339600E
:106A70002078C0060AD5A069396801F4E06188422F
:106A800004D9396821F4E061014339602078DFF8E6
:106A9000CC9180060DD5E069D9F8001001F07001A5
:106AA000884206D9D9F8001021F070010143C9F8D5
:106AB0000010207880070AD5E068316801F00F01E6
:106AC000884204D9316821F00F01014331602078F8
:106AD000C00743D03068A16820F47060084330607C
:106AE0005C4960681839022808D003280BD00128B7
:106AF0000ED00968490710D4012097E70968890377
:106B00000BD4012092E70968890106D401208DE7A2
:106B10000968C90501D4012088E7DFF838A1AAF186
:106B2000080ADAF8001021F007010143CAF8001042
:106B3000FDF72CFF834609E0FDF728FFA0EB0B01D2
:106B400041F28830814201D903206FE7DAF8000072
:106B5000616800F03800B0EBC10FEDD120788007FC
:106B60000AD5E068316801F00F01884204D231682B
:106B700021F00F0101433160D8F8000000F00F0050
:106B8000A8420ED9D8F8000020F00F002843C8F81A
:106B90000000D8F8000000F00F00A84201D001204A
:106BA00044E7207840070AD52069316801F0700178
:106BB000884204D2316821F07001014331602078AD
:106BC00000070AD56069396801F07001884204D273
:106BD000396821F07001014339602078C0060AD578
:106BE000A069396801F4E061884204D2396821F46F
:106BF000E06101433960207880060DD5E069D9F85D
:106C0000001001F07001884206D2D9F8001021F07E
:106C100070010143C9F8001000F0A0F83168C1F319
:106C200003220F498A5C02F01F02D040326802F052
:106C30000F02895C0B4A01F01F0120FA01F111607B
:106C40000949086009480068BDE8F05FFDF7DABE51
:106C500000200052184402581C4402582044025894
:106C600008DC00082C000024280000242000002458
:106C70003F220260144A126802F007024260124A80
:106C80000832136803F470638360136803F00F0322
:106C9000C360126802F0700202610B4A0C32136882
:106CA00003F070034361126802F4E0628261064AF5
:106CB0001032126802F07002C2610448006800F0ED
:106CC0000F00086070470000104402580020005276
:106CD00000B500F043F80B490A68C2F303230A4ADF
:106CE000D35C03F01F03D840096801F00F01515C29
:106CF000064A01F01F0120FA01F11160044A1060F8
:106D0000084600BD1844025808DC00082C00002486
:106D10002800002400B5FFF7DBFF05490968054A94
:106D2000C1F30211515C01F01F01C84000BD000019
:106D30001C44025808DC000800B5FFF7C9FF0549EC
:106D40000968054AC1F30221515C01F01F01C840E6
:106D500000BD00001C44025808DC000830B564483F
:106D60000068654C10F03801624808D0021108290B
:106D70000DD010290DD018290DD0104630BD216836
:106D80008906FBD52168C1F3C101C84030BD10465A
:106D900030BD5A4830BD564918310A6802F0030226
:106DA0000968C1F30511524B1C331B6803F0010342
:106DB0004F4D24352D68C5F3CC0515FB03F300EECC
:106DC000103AB8EE400A002977D0DFED4D0A484B63
:106DD000B7EE001A20333AB39FED4A2A012A58D061
:106DE000022A6CD001EE901A1868F8EE611AC2EE11
:106DF000212AC0F3080001EE900AF8EE611A40EE75
:106E0000201A31EE810A22EE800A1868C0F346206B
:106E1000401C00EE900AF8EE600A80EE201ABCEEEC
:106E2000C10A10EE100A30BD226892061BD52268F6
:106E3000C2F3C102D04001EE900A1868F8EE612A50
:106E400001EE901AF8EE611A82EEA12AC0F3080052
:106E500001EE900AF8EE611A40EE201A31EE810A36
:106E600022EE000AD1E701EE901ADFED272A18681A
:106E7000F8EE611A82EEA12AC0F3080001EE900A32
:106E8000F8EE611A40EE201A31EE810A22EE000A75
:106E9000BBE701EE901A1868F8EE611AC2EE212ADB
:106EA000C0F3080001EE900AF8EE611A40EE201AD5
:106EB00031EE810A22EE800AA7E716E0FFE701EE35
:106EC000901ADFED122A1868F8EE611A82EEA12AF4
:106ED000C0F3080001EE900AF8EE611A40EE201AA5
:106EE00031EE810A22EE000A8FE7002030BD00005B
:106EF000104402580090D0030044025800366E013E
:106F0000000000390024744A0024744C001BB74B65
:106F10002DE9F05F0446002C10D02078DFF8F883CC
:106F2000FE4EFF4DC0075DD0D8F8000000F03800DD
:106F3000316810281FD0182803D006E00120BDE8D2
:106F4000F09F01F00300022815D06068B0F5803F83
:106F500018D0E0B1B0F5A02F22D0286820F48030FE
:106F60002860286820F480202860606860B3FDF7FE
:106F70000DFD074624E02868800333D5606810BB08
:106F80000120DCE7286840F480302860EDE72868BD
:106F900020F480302860286820F480202860E4E70E
:106FA000286840F480202860286840F480302860F9
:106FB000DBE7FDF7EBFCC01B642801D90320BEE72B
:106FC00028688003F5D50DE0FDF7E0FC074606E0F4
:106FD000FDF7DCFCC01B642801D90320AFE728685B
:106FE0008003F5D42078800764D5D8F8000000F03D
:106FF00038003168DFF8289309F1040970B11828C6
:1070000001D188070AD0E068A0B3296821F01901EE
:1070100001432960FDF7BAFC07462CE028684007C9
:1070200001D5E06848B12868E16820F019000843FC
:107030002860FDF7ABFC074608E001207FE7FDF77D
:10704000A5FCC01B022801D9032078E72868400767
:10705000F5D5D9F80000217C20F0FE4040EA01601F
:10706000C9F8000026E0FDF791FCC01B022802D9F8
:10707000032064E70CE028684007F4D5D9F8000045
:10708000217C20F0FE4040EA0160C9F8000011E0D8
:10709000286820F001002860FDF778FC074606E02C
:1070A000FDF774FCC01B022801D9032047E72868BC
:1070B0004007F5D42078C00655D5D8F8000000F078
:1070C00038003168DFF850920828A9F104090FD080
:1070D000182803D101F00300012809D0E06978B332
:1070E000286840F080002860FDF750FC074619E052
:1070F0002868C00504D5E069802801D001201EE77A
:10710000D9F8000094F8201020F07C5040EA01608B
:10711000C9F8000027E0FDF739FCC01B022801D99F
:1071200003200CE72868C005F5D5D9F8000094F8CD
:10713000201020F07C5040EA0160C9F8000012E005
:10714000FFE7286820F080002860FDF71FFC074655
:1071500006E0FDF71BFCC01B022801D90320EEE668
:107160002868C005F5D42078000730D5DFF8AC9149
:10717000606909F14C09A8B1D9F8000040F001009C
:10718000C9F80000FDF702FC074606E0FDF7FEFB2C
:10719000C01B022801D90320D1E6D9F800008007DE
:1071A000F4D514E0D9F8000020F00100C9F800007F
:1071B000FDF7ECFB074606E0FDF7E8FBC01B0228E5
:1071C00001D90320BBE6D9F800008007F4D4207869
:1071D000800626D5A06990B1286840F480502860C8
:1071E000FDF7D4FB074606E0FDF7D0FBC01B0228E5
:1071F00001D90320A3E628688004F5D511E02868AA
:1072000020F480502860FDF7C1FB074606E0FDF73B
:10721000BDFBC01B022801D9032090E6286880042A
:10722000F5D4207840075DD53E4F386840F4807033
:107230003860FDF7ABFB814607E0FDF7A7FBA0EB4D
:107240000900642801D9032079E63868C005F4D51F
:10725000324FA0684837012812D0B0B105281DD0A0
:10726000386820F001003860386820F00400386089
:10727000A06841F2883930B3FDF788FB82461EE0F2
:10728000386840F001003860F2E7386820F001000B
:107290003860386820F004003860E9E7386840F06A
:1072A00004003860386840F001003860E0E7FDF71E
:1072B0006DFBA0EB0A00484501D903203FE6386882
:1072C0008007F4D50EE0FDF761FB824607E0FDF78D
:1072D0005DFBA0EB0A00484501D903202FE6386882
:1072E0008007F4D4616AB1B1D8F800004FF6F87B9A
:1072F000DFF828A00AF1080AC0F3C20003280AF147
:107300000409AAF104087CD0022911D0286820F0D1
:107310008070286008E0E5E01044025828440258D4
:107320000044025800480258FDF730FB044689E04B
:10733000286820F080702860FDF728FB074606E0EB
:10734000FDF724FBC01B022801D90320F7E52868BC
:107350008001F5D4306840F2F3318843E16A40EAB5
:107360000110A16A08433060208E4FF6FF72616BF6
:10737000401E491EC0F3080002EA41210843218F44
:107380004FF4FE02491E02EA0141084394F83C1002
:10739000491E120202EA01610843CAF80000D8F847
:1073A000000020F00100C8F80000D9F80000A16C2E
:1073B00020EA0B0040EAC100C9F80000D8F800003C
:1073C000216C20F00C000843C8F80000D8F8000039
:1073D000616C20F002000843C8F80000D8F80000F3
:1073E00040F48030C8F80000D8F8000040F40030C5
:1073F000C8F80000D8F8000040F48020C8F8000069
:1074000000E023E0D8F8000040F00100C8F80000D8
:10741000286840F080702860FDF7B8FA044606E05E
:10742000FDF7B4FA001B022801D9032087E528687C
:107430008001F5D556E0FDF7A9FA001B022801D915
:1074400003207CE528688001F5D44BE03268DAF847
:107450000000012921D0A36A02F0030199421CD146
:10746000E16AC2F30512914217D1216BC0F3080201
:10747000491E8A4211D1616BC0F34622491E9142D6
:107480000BD1A16BC0F30642491E914205D1E16BBD
:10749000C0F30660491E814201D001204FE5D9F8B2
:1074A0000000C0F3CC00A16C81421BD0D8F80000D2
:1074B00020F00100C8F80000FDF768FA0546FDF766
:1074C00065FAA842FBD0D9F80000A16C20EA0B00B5
:1074D00040EAC100C9F80000D8F8000040F00100FF
:1074E000C8F8000000202AE5704700002DE9F041AF
:1074F000044621680A694B6902EA0305D1F808804D
:10750000002094F881601B050AD5120708D5886908
:1075100040F400608861204600F055FABDE8F08133
:1075200005F0400105F02002114308D1690706D596
:10753000616F20468847216F20468847012005F06B
:107540004101012905D1690703D4216F20468847ED
:10755000012005F02201022905D1690703D4616FDA
:107560002046884701200028D8D128074FF001077E
:107570005DD52068816941F00801816120688169D9
:1075800041F0100181612068816941F400618161ED
:107590002068016921F0080101612068806810F409
:1075A000404F22D025E0E0680F2807D92068006B03
:1075B000616E0860606E001D606611E0072807D9E3
:1075C0002068008E616E0880606E801C606607E037
:1075D000206890F83000616E0870606E401C606634
:1075E000B4F86A00401EA4F86A00B4F86A000028E3
:1075F000D9D1204601F066FE84F88170D4F8840069
:1076000018B12046FFF770FF88E7052E07D0042E3B
:1076100009D0032E82D1204600F0D6F97EE720461D
:1076200000F0D3F97AE7204600F0CCF976E715F4BC
:10763000587FE9D068060AD5D4F8840040F00400E9
:10764000C4F884002068816941F040018161A80587
:107650000AD5D4F8840040F00100C4F88400206802
:10766000816941F400718161E8050AD5D4F884008C
:1076700040F00800C4F884002068816941F48071FA
:107680008161A8060AD5D4F8840040F08000C4F8CF
:1076900084002068816941F020018161D4F8840070
:1076A0000028B1D02068016821F001010160206844
:1076B000016940F26B3291430161C8F381300328C4
:1076C00005D084F881702046FFF70EFF26E720687A
:1076D000816821F4404181600E4DE06F50B1056535
:1076E000E06FFBF753F928B1D4F8840040F0400074
:1076F000C4F88400A06F002886D00565A06FFBF752
:1077000045F900288AD054F8840F40F040002060EA
:1077100004E700007F9300082DE9F0410446002CA7
:1077200012D00025A562DFF858812068554E564FCB
:1077300040450BD0B04209D0B84207D0E0680F28CE
:1077400004D90120BDE8F0810120FBE7204601F0CB
:1077500022FE01462068404505D0B04203D0B84221
:1077600001D0082907D8404503D0B04201D0B84223
:1077700003D1102901D90120E4E794F8810020B950
:1077800084F88050204600F081F8022084F88100BF
:107790002068016821F0010101602068816801F41E
:1077A000F812A169B1F1806F0ED16168B1F5800F57
:1077B00001D1A36B23B139B9A16BB1F1805F03D1C2
:1077C000016841F480510160606840020AD5E068B8
:1077D000072807D320680168236D21F480711943BD
:1077E000016004E02068016821F480710160A16AF1
:1077F000E0690843E16B11430843E16808432168ED
:107800008860616A606BA2690843A16B11430843F9
:107810002169084361690843216A08436168084394
:10782000E16C0843A1680843A16C0843A16D0843BB
:107830002168C860606868B92068816821F4C05117
:1078400041F4006181602068816821F4C06141F4E5
:10785000806181602068016D21F00101016560682F
:10786000400206D52068C168626D21F000411143D5
:10787000C160C4F88450012084F88100002061E7D1
:107880000030014000380040003C00402DE9F0414C
:10789000B6B00546142130A8F8F7E0FDB82102A8DB
:1078A000F8F7DCFD4149286888427BD1811400202B
:1078B000CDE902100026199602A8FEF7D3FB08B105
:1078C000F9F7A7FE3A48016841F480410160006879
:1078D00000F48040019036480838016841F0040106
:1078E0000160016801F004010191016841F00201A9
:1078F0000160006800F002000190062030904FF017
:107900000208CDF8C48032960324339405273497B7
:1079100030A92848FCF728FF4FF400503090CDF8EC
:10792000C48032963394349730A92348FCF71CFF67
:10793000234C2248206027206060A660E6604FF458
:10794000806727616661A661E6614FF4403020627E
:1079500066622046FBF746FD08B1F9F75AFEEC6770
:10796000A5631648164C18307834206028206060D3
:107970004020A060E66027616661A661E661C00202
:10798000206266622046FBF72DFD08B1F9F741FE43
:10799000AC67A563002205212420FDF79BF8242075
:1079A000FDF78AF836B0BDE8F081000000380040ED
:1079B000E84402580008025800040258100002402F
:1079C00098050024704770477047704770477047AC
:1079D00070470000F0B590F83C20012A40D0012605
:1079E00080F83C60022280F83D2003685A689C6859
:1079F0001C4FDFF874C0BB4201D0634503D122F4B1
:107A000070054A682A4322F070050A682A435A60C2
:107A10000268BA4219D0B2F1804F16D0134B9A4285
:107A200013D0134B9A4210D0124B9A420DD062459C
:107A30000BD0114B9A4208D0104B9A4205D0104BF4
:107A40009A4202D00F4B9A4204D124F080038968F5
:107A5000194391603C304670002101700020F0BD58
:107A60000220F0BD0000014000040140000400407D
:107A700000080040000C0040001800400040014099
:107A800000E0004000E4004010B50446002C03D0A4
:107A900094F83D0010B107E0012010BD002084F8EB
:107AA0003C00204600F017F8022084F83D002068D2
:107AB000211D01F04FFD01203D34E0726070A07087
:107AC000E07020716071A071E07120726072A0722C
:107AD0002070002010BD704790F83D10012901D0A2
:107AE00001207047022180F83D100168CA6842F009
:107AF0000102CA600068184988421AD0B0F1804F6C
:107B000017D01649884214D01549884211D015491A
:107B100088420ED0144988420BD01449884208D0BC
:107B20001349884205D01349884202D0124988423D
:107B30000CD18168114A114006290BD0B1F5803F64
:107B400008D0016841F00101016003E0016841F0E3
:107B50000101016000207047000001400004004066
:107B600000080040000C00400004014000180040E4
:107B70000040014000E0004000E400400700010038
:107B800070472DE9F04104462068C66805694FF04A
:107B90000007A90714D5B10712D5F91E016101200C
:107BA000207720688069800703D02046FFF7E8FF30
:107BB00005E0204600F0CCF8204600F0AFF927772A
:107BC000680717D5700715D521686FF004000861A4
:107BD000022020772068806910F4407F03D020467F
:107BE000FFF7CEFF05E0204600F0B2F8204600F097
:107BF00095F92777280716D5300714D521686FF037
:107C000008000861042020772068C069800703D03D
:107C10002046FFF7B5FF05E0204600F099F8204622
:107C200000F07CF92777E80617D5F00615D521680E
:107C30006FF010000861082020772068C06910F4F8
:107C4000407F03D02046FFF79BFF05E0204600F071
:107C50007FF8204600F062F92777E80708D0F007A0
:107C600006D021686FF001000861204600F04EFA4E
:107C7000280601D4A80408D5300606D521686FF47B
:107C8000025008612046FFF7A2FEE80508D530063D
:107C900006D521686FF4807008612046FFF796FED4
:107CA000680608D5700606D521686FF040000861A7
:107CB000204600F032FAA8060AD5B00608D5216899
:107CC0006FF0200008612046BDE8F041FFF780BE5C
:107CD000BDE8F08130B587B00446142102A8F8F75A
:107CE000BDFB174D022221680024164B1648A942FD
:107CF00011D1196841F002011960196801F00201FF
:107D000001910292039204940594069202A9FCF751
:107D10002BFD07B030BD0D4DA942FAD1196841F0D5
:107D200002011960196801F002010191E913029141
:107D3000039204940594069202A9FCF715FDE8E766
:107D400000040040E04402580004025800180040BB
:107D5000704770B504460D46002694F83C00012893
:107D60000BD0012084F83C000C2A4FD007DC82B1F4
:107D7000042A22D0082A06D134E0022070BD102A3D
:107D800059D0142A6BD00126002084F83C003046DC
:107D900070BD2068294601F05DFC2068816941F0D2
:107DA000080181612068816921F0040181612068F6
:107DB00081692A6911438161E6E72068294601F05B
:107DC00099FC2068816941F40061816120688169C2
:107DD00021F480618161206881692A6941EA022178
:107DE0008161D1E72068294601F0CEFC2068C16995
:107DF00041F00801C1612068C16921F00401C1613D
:107E00002068C1692A691143C161BDE7206829461C
:107E100001F004FD2068C16941F40061C16120687E
:107E2000C16921F48061C1612068C1692A6941EAA0
:107E30000221C161A8E72068294601F029FD2068D8
:107E4000416D41F0080141652068416D21F0040158
:107E500041652068416D2A691143416594E72068B6
:107E6000294601F04DFD2068416D41F400614165F6
:107E70002068416D21F4806141652068416D2A6967
:107E800041EA022141657FE710B50446002C03D08A
:107E900094F83D0010B107E0012010BD002084F8E7
:107EA0003C00204600F018F8022084F83D002068CD
:107EB000211D01F04FFB01203D34E0726070A07085
:107EC000E07020716071A071E07120726072A07228
:107ED0002070002010BD000008B500680C4A0D4954
:107EE000904208D1086840F002000860086800F07D
:107EF0000200009008BD084A9042FBD1086840F09B
:107F000040000860086800F04000009008BD0000D4
:107F100000040040E8440258001800407047000088
:107F200030B5044600290DD004290ED008290FD001
:107F30000C2910D0102911D094F84300012810D03A
:107F4000012030BD94F83E00F8E794F83F00F5E7D3
:107F500094F84000F2E794F84100EFE794F842000B
:107F6000ECE70220F1B304294DD008294ED00C29AA
:107F70004FD0102950D084F843000122206801F02E
:107F80005BFB2A4A20682A4B2A49904209D0984232
:107F900007D0884205D0284DA84202D0274DA842DC
:107FA00003D1456C45F4004545642068904218D0E3
:107FB000B0F1804F15D0224A904212D0214A90420F
:107FC0000FD0214A90420CD098420AD01F4A9042CA
:107FD00007D0884205D01E49884202D01D498842F8
:107FE0001DD100E00CE081681B4A114006291AD01F
:107FF000B1F5803F17D0016841F00101016012E046
:1080000084F83E00B9E784F83F00B6E784F8400002
:10801000B3E784F84100B0E784F84200ADE70168B7
:1080200041F001010160002030BD0000000001406E
:10803000000401400040014000440140004801406C
:108040000004004000080040000C00400018004000
:1080500000E0004000E400400700010030B50446A5
:108060000D4600222946206801F0E6FA41F211127D
:1080700021492068931088420BD02049884208D0BB
:108080001F49884205D01F49884202D01E498842B4
:1080900009D1016A114206D1016A194203D1416C2A
:1080A00021F4004141642068016A114206D1016A4D
:1080B000194203D1016821F00101016001205DB185
:1080C000042D0CD0082D0DD00C2D0ED0102D0FD05E
:1080D00084F84300002030BD84F83E00FAE784F8BD
:1080E0003F00F7E784F84000F4E784F84100F1E747
:1080F00084F84200EEE70000000001400004014067
:108100000040014000440140004801400068B0F1D7
:10811000804F01D1FCF740BC7047704790F8841045
:10812000012918D0012180F884102421C0F888107A
:1081300001680A680B6823F001030B6022F000510C
:1081400000224266036819602021C0F8881080F878
:108150008420002070470220704710B50446D4F8F0
:108160008C00202801D0022010BD51B14AB101205D
:10817000E06600202067204602F048F8014611B171
:1081800005E0012010BDE06E012802D00121084663
:1081900010BD226810201062206850E8002F42F0C5
:1081A000100240E80023002BF6D1F0E7704770473B
:1081B00070B5044694F8840001281DD0012084F88D
:1081C00084002420C4F8880020680568026822F032
:1081D000010202602068826822F060620A438260C5
:1081E000204601F0C5FB206805602020C4F8880007
:1081F000002084F8840070BD022070BD70B5044674
:1082000094F8840001281DD0012084F884002420E3
:10821000C4F8880020680568026822F00102026044
:108220002068826822F060420A438260204601F0A2
:108230009FFB206805602020C4F88800002084F897
:10824000840070BD022070BD704770477047000009
:108250002DE9F04104462368D86919689A6840F608
:108260000F0500EA0507002F0ED185060CD501F099
:10827000200502F08056354306D0616F00297DD07D
:108280002046BDE8F041084700250226002F76D0A1
:10829000CF4FDFF840C3174001EA0C0C57EA0C0C33
:1082A0006DD05FEAC07C0CD05FEAC15C09D54FF0AD
:1082B000010CC3F820C0D4F8903043F00103C4F897
:1082C0009030830709D5D30707D023681E62D4F8FE
:1082D000903043F00403C4F8903043070AD5D30725
:1082E00008D0266804233362D4F8903043F00203A8
:1082F000C4F8903003070CD501F020033B4308D0AD
:10830000266808233362D4F8903043F00803C4F899
:10831000903003050BD54B0109D526684FF4006357
:108320003362D4F8903043F02003C4F89030D4F88E
:108330009030002B3CD0800609D501F0200002F0DF
:108340008051084303D0616F09B120468847D4F8B3
:10835000900021688968490602D410F0280F2DD0BA
:10836000204601F067FC20688068400622D520681E
:10837000083050E8001F21F0400101E018E023E040
:1083800040E80012002AF2D1D4F8800068B1924986
:108390000165D4F88000FAF7F9FA002808D0D4F87B
:1083A0008000016DBDE8F04108472046FFF74EFF11
:1083B000BDE8F0812046FFF749FFF9E72046FFF7C7
:1083C00045FFC4F89050F3E7E76E012F7ED1C70652
:1083D0007CD5CF067AD510201862206880684FF0CF
:1083E0002003400673D5D4F880107C4A0868904278
:1083F0003AD07A4A1832904236D0784A3032904297
:1084000032D0764A483290422ED0744A603290423E
:108410002AD0724A7832904226D0704A90329042E6
:1084200022D06E4AA83290421ED06D4A90421BD094
:108430006B4A1832904217D0694A3032904213D0BA
:10844000674A483290420FD0654A603290420BD062
:10845000634A7832904207D0614A9032904203D00A
:108460005F4AA832904201D1406800E0406880B283
:1084700000289DD0B4F85C20824299D9A4F85E000F
:10848000C869B0F5807F2FD0206850E8001F21F424
:10849000807140E80012002AF6D12068083050E8C8
:1084A000001F21F0010140E80012002AF5D12068E8
:1084B000083050E8001F21F0400140E80012002A77
:1084C000F5D1C4F88C30E566206801E049E016E09B
:1084D00050E8001F21F0100140E80012002AF3D1FB
:1084E000D4F88000FAF794F82667B4F85C00B4F882
:1084F0005E10401A81B22046FFF758FE58E734F864
:108500005C0F6188401A81B260885C3C0028F5D01D
:108510000029F3D0206850E8002F22F4907240E840
:108520000027002FF6D12A4FFF432068083050E87B
:10853000002F3A4040E8002CBCF1000FF5D1C4F800
:108540008C30E5666567206850E8002F22F0100245
:1085500040E80023002BF6D126672046FFF726FED1
:1085600026E7C50209D5550207D54FF480101862D9
:108570002046BDE8F041FFF768BE03060CD501F0C8
:10858000800302F40002134306D0A16F0029B5D086
:108590002046BDE8F0410847420606D54A0604D504
:1085A0002046BDE8F04101F06FBB020206D54A004B
:1085B00004D52046BDE8F041FFF746BEC0019DD579
:1085C00000299BDA2046BDE8F041FFF7F0BD00002E
:1085D00001000010200100042B9B00081000024045
:1085E0001004024010B50446002C03D0D4F88800D3
:1085F00010B107E0012010BD002084F8840020465F
:1086000000F028F82420C4F888002068016821F0D0
:1086100001010160A06A10B1204601F0CDF92046A9
:1086200001F05CFB012813D02068416821F49041DF
:1086300041602068816821F02A018160206801681A
:1086400041F0010101602046BDE8104001F018BA78
:10865000012010BDF0B5B5B00546142130A8F7F7DC
:10866000FDFEB82102A8F7F7F9FE354928688842CF
:1086700063D101210020CDE902100026209602A836
:10868000FDF7F0FC08B1F8F7C4FF2E48016841F08F
:1086900010010160006800F01000019029481038B6
:1086A000016841F001010160006800F001000190E3
:1086B0004FF4C060309002203190329633960720FC
:1086C000349030A92048FCF74FF8214C1F48206017
:1086D00029206060A660E6604FF4806727616661CC
:1086E000A661E661266266622046FAF77BFE08B163
:1086F000F8F78FFFC5F88040A5631448144C183074
:10870000783420602A2060604020A060E660276105
:108710006661A661E661266266622046FAF762FE3D
:1087200008B1F8F776FFEC67A56300220721252042
:10873000FCF7D0F92520FCF7BFF935B0F0BD0000FB
:1087400000100140F044025800000258400002406E
:10875000B4070024704770477047FEE7F0B5002368
:108760000A2530263727002412E0B5EB107F04D904
:1087700006EB107C01F813C003E007EB107C01F856
:1087800013C0000101EB430C8CF801405B1CDBB211
:108790009342EAD3F0BD00EB8100006E00F0F84098
:1087A00070478068C0F3C00070478068C0F3000065
:1087B00070478068C0F3800070478068C0F3800015
:1087C0007047C06810F4406F01D00020704701204E
:1087D000704710B501F0007300EBD35043690724D4
:1087E000C1F304518C408A40A3431343436110BD3D
:1087F00000EB81016031074B984205D1086820F0F9
:108800000040104308607047086820F000401043A3
:10881000086070470060025830B58DB000240A949B
:108820000B940C94242101A8F7F718FE2348224941
:1088300001604FF410114160846001210161042541
:108840004561047641760222C26180F8204084624C
:10885000C46203220263C463046480F844408164F8
:10886000F9F76CFC08B1F8F7D4FE0A940AA913488A
:10887000F9F7E4F808B1F8F7CCFE114801900620AA
:108880000290039440F2FF700490059506948DF8D1
:10889000254001A90948F9F765F908B1F8F7B9FECB
:1088A0000C200290054801A9F9F75CF9002801D0D5
:1088B000F8F7AFFE0DB030BD0020024048020024A2
:1088C0001000C01008B51948016841F001010160AD
:1088D000006800F001000090002206210B20FCF748
:1088E000F9F80B20FCF7E8F8002206210C20FCF731
:1088F000F1F80C20FCF7E0F8002205210D20FCF730
:10890000E9F80D20FCF7D8F8002205210E20FCF72D
:10891000E1F80E20FCF7D0F8002208210F20FCF728
:10892000D9F8BDE808400F20FCF7C6B8D844025873
:1089300010B51948174901604FF44071816000215A
:10894000C160012202744174827442611423836104
:108950003B24C46103624262022282620D23C3622D
:108960000263416304228263C2630A230364426494
:108970008164C264016542658165C16503664166C3
:108980008266FBF7D3FB002803D0BDE81040F8F760
:1089900040BE10BD00A000403003002410B51B48AD
:1089A000194901604FF4407181600021C1600122CA
:1089B0000274417482744261142383613B24C46154
:1089C00003624262022282620D23C362026340F2AA
:1089D0005632426305228263C26301640422426408
:1089E0000A238364C264016542658165C1650366CB
:1089F00041668266FBF79AFB002803D0BDE8104071
:108A0000F8F707BE10BD000000A40040D00300240A
:108A100010B51B48194901604FF440718160002175
:108A2000C160012202744174827442611423836123
:108A30003B24C46103624262022282620D23C3624C
:108A4000026340F2AD62426305228263C2630A227E
:108A50000264042242648164C264016542658165E6
:108A6000C1650C23036641668266FBF75FFB002845
:108A700003D0BDE81040F8F7CCBD10BD00D40040D5
:108A80007004002410B59EB01422214919A8F7F7EC
:108A9000CCFC002119A804F0D7FA1E4C2060142247
:108AA0001B49143114A8F7F7C0FC002114A804F0E6
:108AB000CBFA60601422164928310FA8F7F7B5FCED
:108AC00000210FA804F0C0FAA060142210493C3124
:108AD0000AA8F7F7AAFC00210AA804F0B5FAE0609A
:108AE00014220B49503105A8F7F79FFC002105A877
:108AF00004F0AAFA20611422054964316846F7F7A8
:108B000094FC0021684604F09FFA60611EB010BD1D
:108B100004DB0008000000242DE9F04786B0142192
:108B200001A8F7F79BFC4448016841F0040101608B
:108B3000016801F004010091016841F080010160C9
:108B4000016801F080010091016841F001010160BC
:108B5000016801F001010091016841F0020101602A
:108B6000016801F002010091016841F0100101600B
:108B7000016801F010010091016841F008010160F5
:108B8000006800F008000090DFF8B0804FF4C044A7
:108B9000002221464046FBF7F1FE01224046092112
:108BA000FBF7ECFEDFF89890012204214846FBF722
:108BB000E5FEDFF890A04FF40857012239465046F1
:108BC000FBF7DCFE01940124029400250395049533
:108BD00001A94046FBF7C8FD0920019002940395C6
:108BE0000326049601A94046FBF7BEFD01940295B9
:108BF000039401A94846FBF7B7FD042001900294B5
:108C00000394049601A94846FBF7AEFD0197029430
:108C10000394049601A95046FBF7A6FD4FF4A0501B
:108C20000190F8010290039501A95046FBF79CFDC5
:108C300006B0BDE8F0870000E04402580008025882
:108C4000000002580010025810B51648144901607F
:108C50004FF480014160002181600722C2604FF023
:108C60000072026152104261920082611201C2617F
:108C7000016241628162C16242638163C1630164D6
:108C800041648164C164016541658165FEF744FD0D
:108C9000002803D0BDE81040F8F7BBBC10BD0000B1
:108CA000003800401005002410B58AB00024079455
:108CB000089409941C216846F7F7D0FB1748164919
:108CC000016017214160846040F2CF71C16004618E
:108CD0008461FFF7D9F808B1F8F79BFC0794099471
:108CE00007A90E48FEF776FE08B1F8F792FC60205F
:108CF00000904FF47A700190029404940422074883
:108D00006946FFF726F808B1F8F783FC0348FEF739
:108D1000E1FF0AB010BD000000180040D406002496
:108D200010B58AB000240794089409941C21684661
:108D3000F7F794FB164815490160172141608460DC
:108D400042F20F71C160046180218161FFF79CF8DC
:108D500008B1F8F75EFC0794099407A90C48FEF7E0
:108D600039FE08B1F8F755FC602000900194029498
:108D700004940C2206486946FEF7EBFF08B1F8F7A9
:108D800048FC0348FEF7A6FF0AB010BD00040040EF
:108D90008806002410B51848164901604FF4612177
:108DA000416000218160C16001610C2242618161EA
:108DB000C161016241628162FFF714FC08B1F8F7FA
:108DC00028FC0D480021FFF719FA08B1F8F721FC3B
:108DD00009480021FFF7ECF908B1F8F71AFC06483A
:108DE000FFF79CF9002803D0BDE81040F8F711BC4C
:108DF00010BD0000001001402007002410B51049EC
:108E00000122104801F0F8FF08B1F8F702FC0E4902
:108E10000C4802F047FA08B1F8F7FBFB0B49094888
:108E200001F094FC08B1F8F7F4FB064802F010FBDF
:108E300008B1F8F7EEFBBDE81040FCF7B7BB000047
:108E4000400100244C9800240C020024A0010024BE
:108E5000FEE7FEE70148FBF7C4BF000048AF00246F
:108E600070B504462068056C00EB4110D0F8081B73
:108E70000C4EB54205D9090403D54FF40041C0F8A2
:108E8000081B2046FCF726FBB54208D9A07901282B
:108E900005D12068012104F29C4202F06FFE0020FF
:108EA00070BD00000A30544F2DE9F04105460C46D4
:108EB0002E68306C06EB4411D1F8083B4FF40047A4
:108EC00095F8068005F29C424FF0200CB8F1010F96
:108ED00008D0DFF8B080404545D118043AD5C1F834
:108EE000087B4CE0284E5FEA037806D5B04246D9AD
:108EF000180444D5C1F8087B41E05FEA836802D5D5
:108F0000C1F808CB3BE013F0280F38D1B04204D9A8
:108F1000180402D5C1F8087B31E004EBC40005EB6E
:108F2000800000F51570D1F8101B036AC1F312011F
:108F3000591A416124B903693BB1C2681144C16047
:108F40002846E1B2FBF73FFE19E02868012102F054
:108F500015FEF5E7980601D5C1F808CB2846E1B221
:108F6000FBF731FE0BE034B9D5F8640218B90021E3
:108F7000304602F003FE2846E1B2FBF724FE002053
:108F8000BDE8F0810A31544F0A30544F2DE9F84FB3
:108F900080460E46D8F8007006EBC60008EB800449
:108FA0001434D4E90410884202D90120BDE8F88FB6
:108FB000081AA168814200D20846C01C4FEA900AF4
:108FC00007EB461916E0151AA268AA4200D2154608
:108FD000E81C4FEA900A98F806000090ABB2E168EE
:108FE0003846F2B203F02CF9E0682844E06060698A
:108FF00028446061D9F8180980B2504505D3D4E9F6
:109000000420904201D2002ADDD1D4E90401884233
:1090100008D8012006F00F018840D7F834188143A2
:10902000C7F834180020C1E700B5AFB0B8216846D2
:10903000F7F714FA00204FF40041CDE900100220A8
:109040000290282103910490062105910690C020EA
:1090500007900020089009904FF000501B90684640
:10906000FDF700F8002801D0F8F7D3FA2FB000BDC3
:109070002DE9F047044688460027DFF81491D9F817
:109080000000C043800709D0414D283D286820F0EA
:1090900080602860FBF77AFC064609E00120BDE805
:1090A000F087FBF773FC801B022801D90320F6E749
:1090B00028680001F5D4D9F80000216820F47C303C
:1090C00040EA0130C9F80000A0884FF6FF72A1689D
:1090D000401E491EC0F3080002EA41210843A1894D
:1090E0004FF4FE02491E02EA01410843217C1202AC
:1090F000491E02EA016108432549103108602448ED
:10910000001D0168626921F0C0011143016001681E
:10911000A26921F0200111430160016821F01001D2
:1091200001601B4914310A684FF6F8739A43E369EA
:1091300042EAC3020A60016841F010010160B8F11F
:10914000000F0ED0B8F1010F10D0016841F40011EA
:109150000160286840F080602860FBF717FC044637
:1091600010E0016841F400210160F2E7016841F478
:1091700080110160EDE7FBF709FC001B022801D913
:1091800003208CE728680001F5D5384687E7000002
:10919000284402582DE9F047044688460027DFF8A6
:1091A0001491D9F80000C043800709D0414D283DF3
:1091B000286820F080502860FBF7E8FB064609E0AD
:1091C0000120BDE8F087FBF7E1FB801B022801D9F5
:1091D0000320F6E728688000F5D4D9F8000021883C
:1091E00020F07C7040EA0150C9F80000A0884FF6DA
:1091F000FF72A168401E491EC0F3080002EA412127
:109200000843A1894FF4FE02491E02EA01410843C6
:10921000217C1202491E02EA0161084325491831E6
:1092200008602448001D0168626921F4406111430F
:1092300001600168A26921F40071114301600168B5
:1092400021F4807101601B491C310A684FF6F873E4
:109250009A43E36942EAC3020A60016841F48071FB
:109260000160B8F1000F0ED0B8F1010F10D0016805
:1092700041F080710160286840F080502860FBF761
:1092800085FB044610E0016841F480010160F2E7CB
:10929000016841F400010160EDE7FBF777FB001B7B
:1092A000022801D903208CE728688000F5D53846CC
:1092B00087E70000284402580148FEF717B900006C
:1092C0001005002410B502685169936943F0080342
:1092D00093610268936943F0100393610268136815
:1092E00023F0010313600268136940F26F34A34353
:1092F00013610268936823F44043936090F88120DF
:10930000042A0CD08A060AD5D0F8842042F08002C4
:10931000C0F884200268936943F02003936190F8B9
:109320008120032A0CD04A060AD5D0F8842042F0C6
:109330000402C0F884200268936943F040039361FB
:109340008A050AD5D0F8842042F00102C0F88420B2
:109350000268936943F400739361C9050AD5D0F894
:10936000841041F00801C0F8841001688A6942F451
:1093700080728A61002120F8621F018110BD10B542
:10938000806B00216230018101800121C177623848
:10939000FEF7AAF810BDC16B012202EB5111C068A3
:1093A000401CC01DC008484370470178407841EA1E
:1093B00000207047FFF722FD012003F038FEFBE795
:1093C00010B5502080F31188BFF34F8FBFF36F8F1C
:1093D00004F0CAFA18B104494FF080500860002028
:1093E00080F3118810BD000004ED00E010B59CB0C2
:1093F0004C2109A8F7F732F8202101A8F7F72EF839
:109400000220FCF7A7F800241E48016821F440411F
:109410000160016801F44041009101688904FCD5B4
:10942000212009904FF480300A9001210F910220F1
:10943000129013901490282215921691179018905C
:109440000C2019901A941B9409A8FDF761FD08B12E
:10945000F8F7DFF83F2001900320029003940820E2
:109460000490402005900690010107910890032187
:1094700001A8FDF7BFFA002801D0F8F7CAF81CB020
:1094800010BD00001848025810B52748016841F483
:1094900070010160254A106800F00F00072804D20F
:1094A000106820F00F00C01D10602149086840F0CE
:1094B000010008601E4B0020103318600B681D4C23
:1094C00023400B60136803F00F03072B04D91368C4
:1094D00023F00F03DB1D1360154A18321060121DB4
:1094E0001060121D1060124B134A28331A601B1DA6
:1094F000124A1A601B1D124A1A601B1D18601B1DA0
:109500001A601B1D18601B1D1A601A1D10600A6866
:1095100022F480220A6006496031086043F2D200DA
:109520000849086010BD000088ED00E000200052EE
:10953000004402587FEDF6EA000202020000FF013B
:1095400080020101004000520148FEF71ABB0000F2
:10955000A40800242DE9F04F02684FF0804B2C4DF9
:10956000DFF8B080DFF8B090A842DFF8B0A02C4B55
:1095700009D0584507D0404505D0484503D050454F
:1095800001D0984203D122F070044A682243254E4C
:10959000254FA842DFF894C015D0584513D0404558
:1095A00011D048450FD050450DD098420BD0B04255
:1095B00009D0B84207D0604505D01D4CA04202D06A
:1095C0001C4CA04203D122F44074CA6822434C6967
:1095D00022F08002224302608A68C2620A688262C4
:1095E000A84207D0984205D0B04203D0B84201D07B
:1095F000604501D109690163012141610169C90720
:1096000003D0016921F001010161BDE8F08F000084
:10961000000001400004004000080040000C004031
:109620000004014000400140004401400048014066
:1096300000E0004000E4004010B5012301F01F01EC
:109640008B40046A9C430462036A8A4013430362AA
:1096500010BD00002DE9F043046A026A22F0010205
:109660000262426883691D4D2B4023F003030D689D
:109670001D4324F002048B682343194E194FDFF871
:1096800068C0B042DFF86480DFF8649007D0B84269
:1096900005D0604503D0404501D0484505D123F0B1
:1096A0000804CB68234323F00403B04207D0B84238
:1096B00005D0604503D0404501D0484507D122F48C
:1096C000807222F400724C6914438A69224342601A
:1096D0008561496841630362BDE8F0838FFFFEFF47
:1096E00000000140000401400040014000440140EE
:1096F00000480140F0B5056A026A22F010020262D9
:10970000426883691A4C234023F440730C6843EA8F
:10971000042425F020038D6843EA0513154D164EE9
:10972000A84201D0B04206D123F08003CF6843EABB
:10973000071323F04003A8420AD0B04208D00F4DCF
:10974000A84205D00E4DA84202D00E4DA84209D124
:1097500022F4806222F400624D6942EA85028D693A
:1097600042EA850242608461496881630362F0BD18
:10977000FF8FFFFE00000140000401400040014057
:109780000044014000480140F0B5056A026A22F435
:10979000807202624268C3691A4C234023F00303BB
:1097A0000C681C4325F400738D6843EA0523164DAD
:1097B000164EA84201D0B04206D123F40063CF6810
:1097C00043EA072323F48063A8420AD0B04208D0BA
:1097D0000F4DA84205D00F4DA84202D00E4DA84211
:1097E00009D122F4805222F400524D6942EA051256
:1097F0008D6942EA05124260C4614968C16303622F
:10980000F0BD00008FFFFEFF00000140000401409A
:1098100000400140004401400048014030B5046A66
:10982000026A22F4805202624268C369124D2B40E0
:1098300023F440730D6843EA052324F400548D6833
:1098400044EA05340D4DA8420BD00D4DA84208D076
:109850000C4DA84205D00C4DA84202D00B4DA84299
:1098600004D122F480424D6942EA85124260C3610C
:1098700049680164046230BDFF8FFFFE00000140B3
:109880000004014000400140004401400048014004
:1098900030B5056A026A22F4803202624268436D82
:1098A000114C23400C681C4325F400330D8943EA16
:1098B00005430E4DA8420BD00D4DA84208D00D4DCA
:1098C000A84205D00C4DA84202D00C4DA84204D1AC
:1098D00022F480324D6942EA0522426044654968BB
:1098E0008165036230BD00008FFFFEFF0000014074
:1098F0000004014000400140004401400048014094
:1099000030B5056A026A22F4801202624268436D31
:10991000114C23400C6843EA042425F400130D89FC
:1099200043EA05530D4DA8420BD00D4DA84208D077
:109930000C4DA84205D00C4DA84202D00B4DA842B8
:1099400004D122F480224D6942EA852242604465B6
:109950004968C165036230BDFF8FFFFE0000014012
:109960000004014000400140004401400048014023
:1099700030B5416E002917D002689168C1F3426189
:109980009268520F0B4B9C5C250103F10804A25C0A
:10999000B5FBF2F2A0F86A205A5C615C1201B2FBDE
:1099A000F1F1A0F8681030BD0121683041800180DC
:1099B00030BD0000F8DB000890F82810090706D534
:1099C00001684A68836B22F400421A434A6090F8A7
:1099D0002810C90706D001684A68C36A22F4003219
:1099E0001A434A6090F82810890706D501684A682A
:1099F000036B22F480321A434A6090F8281049071A
:109A000006D501684A68436B22F480221A434A60F3
:109A100090F82810C90606D501688A68C36B22F43D
:109A200080521A438A6090F82810890606D501688A
:109A30008A68036C22F400521A438A6090F8281056
:109A4000490611D501684A68436C22F480121A4312
:109A50004A60416CB1F5801F06D101684A68836C89
:109A600022F4C0021A434A6090F82810090606D56D
:109A700001684A68C06C22F4002202434A607047C1
:109A80002DE9F84304460025C4F89050FAF77EFF0C
:109A90008046206800686FF07E474FF02006000780
:109AA00016D50022434631042046009700F000FC02
:109AB00070B1206850E8001F21F0800140E80012DA
:109AC000002AF6D18434666025700320BDE8F8834F
:109AD00020680068400720D5002243464FF48001EB
:109AE0002046009700F0E4FBB8B1206850E8001F62
:109AF00021F4907140E80012002AF6D12068083065
:109B000050E8001F21F0010140E80012002AF5D1C1
:109B10008434A66025700320D8E76C34E6612662A1
:109B20002560656025760020D0E710B5806B0021A8
:109B3000A0F85E10A0F85610FEF788FB10BD70B5B7
:109B4000846BD4F88800D4F88C50216889684FF071
:109B50000006090606D5212804D1A4F8566020463F
:109B600000F0A4F820688068400606D5222D04D1B4
:109B7000A4F85E60204600F05DF8D4F8900040F054
:109B80001000C4F890002046FEF760FB70BD01464F
:109B900010B5886B0023C969B1F5807F2DD0A0F87E
:109BA0005E30016851E8002F22F4807241E8002401
:109BB000002CF6D10168083151E8002F22F0010293
:109BC00041E80024002CF5D10168083151E8002F4C
:109BD00022F0400241E80024002CF5D12021C0F8F9
:109BE0008C10C16E012908D1016851E8002F22F0C4
:109BF000100241E80024002CF6D10367C16E012950
:109C000002D0FEF7A7FD10BDB0F85C10FEF7CEFA4B
:109C100010BD10B5806B01210167C16E012902D012
:109C2000FEF799FD10BDB0F85C104908FEF7BEFACA
:109C300010BD000010B5016851E8002F22F49072A9
:109C400041E80023002BF6D10E4B0168083151E8A2
:109C5000002F1A4041E80024002CF6D1C16E0129E2
:109C600008D1016851E8002F22F0100241E80023DA
:109C7000002BF6D12021C0F88C100021C16641676D
:109C800010BD0000FEFFFFEF10B5016851E8002F86
:109C900022F0400241E80023002BF6D12021C0F839
:109CA000881000218167FEF757FD10BD016851E85B
:109CB000002F22F0C00241E80023002BF6D10168FA
:109CC000083151E8002F22F4000241E80023002B64
:109CD000F5D12021C0F88810704700002DE9F0432D
:109CE00087B004460026DFF8FC9320682269A1684B
:109CF000E369114362691A4311430268FA4B1A403F
:109D00000A43026020684168E26821F4405111432F
:109D10004160A0692168494501D0226A10438A68E0
:109D2000F24B1A4002438A602068C16A626A21F0DD
:109D30000F011143C162EE4A2068EE4990421DD1E5
:109D4000096801F03801182912D005DC51B1082941
:109D50000AD0102904D109E020290BD028290BD0E2
:109D600080212DE101212BE1042129E1082127E1B6
:109D7000102125E1202123E1402121E1DE4A90420A
:109D800017D1096801F00701062910D2DFE801F0B8
:109D9000030507090B0D002112E1042110E1082140
:109DA0000EE110210CE120210AE1402108E180218F
:109DB00006E1D24A904217D1096801F0070106294D
:109DC00010D2DFE801F0030507090B0D0021F7E0D1
:109DD0000421F5E00821F3E01021F1E02021EFE07B
:109DE0004021EDE08021EBE0C54A904217D109689F
:109DF00001F00701062910D2DFE801F00305070989
:109E00000B0D0021DCE00421DAE00821D8E010216C
:109E1000D6E02021D4E04021D2E08021D0E0B94A30
:109E2000904217D1096801F00701062910D2DFE836
:109E300001F0030507090B0D0021C1E00421BFE07B
:109E40000821BDE01021BBE02021B9E04021B7E0AE
:109E50008021B5E0AC4A90421DD1096801F038017B
:109E6000182912D005DC51B108290AD0102904D1D3
:109E700009E020290BD028290BD08021A0E0012166
:109E80009EE004219CE008219AE0102198E0202126
:109E900096E0402194E09D4A904217D1096801F074
:109EA0000701062910D2DFE801F0030507090B0DB1
:109EB000002185E0042183E0082181E010217FE07A
:109EC00020217DE040217BE0802179E0904A904292
:109ED00017D1096801F00701062910D2DFE801F067
:109EE000030507090B0D00216AE0042168E0082141
:109EF00066E0102164E0202162E0402160E08021E2
:109F00005EE0844A90421DD1096801F038011829A9
:109F100012D005DC51B108290AD0102904D109E07A
:109F200020290BD028290BD0802149E0012147E0CE
:109F3000042145E0082143E0102141E020213FE0D9
:109F400040213DE0744A90421DD1096801F038017A
:109F5000182912D005DC51B108290AD0102904D1E2
:109F600009E020290BD028290BD0802128E00121ED
:109F700026E0042124E0082122E0102120E0202115
:109F80001EE040211CE0484519D15A49091D0968C5
:109F900001F00701062910D2DFE801F003050709E7
:109FA0000B0D02210CE004210AE0082108E0102139
:109FB00006E0202104E0402102E0802100E0802131
:109FC000564D4C4A4FF4004C554F4FF000082B11A2
:109FD000543A484556D110292BD006DC02291AD014
:109FE00004291CD0082904D11EE0202929D04029A9
:109FF00029D000250126EDB3606A37F81020B5FBA3
:10A00000F2F0676807EB4701814202D8B0EB073FE7
:10A010001BD90126EDE0FBF7D1FA0546EBE704A8D2
:10A02000FBF7BEFB059DE6E701A8FBF799FC029D47
:10A03000E1E710688006DED51068C0F3C100C540B6
:10A04000D9E71D46D7E76546D5E7002328461946D8
:10A05000F6F7BAF90902020241EA1061780810180D
:10A060003A46002341EB0801F6F7AEF92D4AA0F578
:10A07000407100E058E0914202D82168C860B8E021
:10A080000126B6E0E0694FF6EF7960456DD1082909
:10A0900058D005DC29B301294BD0042906D14CE066
:10A0A000102954D020295AD040295AD00025012601
:10A0B000D5B3606A37F81000B5FBF0F04100606876
:10A0C00001EB5001B1FBF0F0A0F1100149454AD875
:10A0D0004FF6F0710140C0F3420001432068C160B7
:10A0E00087E022E0000C0058F369FFCFFFF4FF1176
:10A0F0000010014054440258004400400048004011
:10A10000004C004000500040001401400078004026
:10A11000007C004000180140001C01400090D0036A
:10A12000E0DB0008FFFC0F0061E0FCF7F3FD0546F3
:10A13000BEE7FCF701FE0546BAE704A8FBF730FBD3
:10A14000059DB5E701A8FBF70BFC029DB0E7106881
:10A150008006ADD51068C0F3C100C540A8E71D4614
:10A16000A6E76546A4E7012643E008292ED005DCD2
:10A17000F9B1012921D0042906D122E010292AD0E1
:10A18000202930D0402930D0002501267DB3606AD7
:10A1900037F81000B5FBF0F1606801EB5001B1FB3E
:10A1A000F0F0A0F11001494522D8216880B2C860C2
:10A1B0001FE0FCF7AFFD0546E8E7FCF7BDFD0546EF
:10A1C000E4E704A8FBF7ECFA059DDFE701A8FBF73D
:10A1D000C7FB029DDAE710688006D7D51068C0F388
:10A1E000C100C540D2E71D46D0E76546CEE700E096
:10A1F00001260120683460802080C4F80C80C4F8F7
:10A20000108007B03046BDE8F083000070B504460A
:10A2100044F8581FA2800021A16322206063A06A35
:10A22000583C00281DD01F4BC363241D1E48E36FFC
:10A230001864E36F1D48D864E06F0165134654F855
:10A24000041CE56F606D2431241F02462846F9F78F
:10A25000C1FA30B110208C346060202020600120D1
:10A2600070BD206940B1206850E8001F41F4807142
:10A2700040E80012002AF6D12068083050E8001F9C
:10A2800041F0010140E80012002AF5D120680830B1
:10A2900050E8001F41F0400140E80012002AF5D1CB
:10A2A000002070BD8F9B0008139C00083F9B000896
:10A2B0002DE9F04704460D4617469846089E4FF094
:10A2C000000935E0701C33D0FAF760FBA0EB080002
:10A2D000B04219D8C6B120680168490728D5802D39
:10A2E00026D0402D24D0C169C94309070ED4206867
:10A2F000082505622046FFF79DFCC4F8905084F8BD
:10A3000084900120BDE8F0870320FBE7C069C043CB
:10A3100000050DD421684FF4006008622046FFF765
:10A3200089FC2020C4F8900084F884900320E9E799
:10A330002068C06935EA000004D00020B842C1D0CE
:10A340000020DFE70120F9E710B50548FDF780FFA1
:10A35000BDE81040034916220148FDF7FEBE00008B
:10A36000200700243E9800242DE9F0410E46D0F845
:10A37000C822D0F8D41200EB8101D1F8C012002914
:10A3800025D006F00F03002703EB830400EB8404C1
:10A39000A5694DB103EBC30302EB8302D369B5FB9F
:10A3A000F3F203FB1252A2B1C1F81472D0F8D42216
:10A3B00000EB8200D0F8C40203692BB1D1F8080287
:10A3C00001F50471324698470020BDE8F081032072
:10A3D000FBE7A76100231A46314600F041FFF3E78F
:10A3E00070B50546D5F8D40205EB8000D0F8C04220
:10A3F000002C12D0284600F00AFEC4F80C02D5F852
:10A40000D412D4F8040205EB8101D1F8C412CA6851
:10A4100004F503719047002070BD032070BD00005B
:10A4200070B50446224D2046297800F002FD2878B8
:10A43000002600F00F0000EB800004EB8000868413
:10A440002046697800F0F5FC687800F00F0000EB1A
:10A45000800004EB8000A0F864612046A97800F039
:10A46000E8FCA87800F00F0000EB800004EB80000F
:10A470008684C684D4F8D40204EB8000D0F8C012DD
:10A4800099B1D0F8C40240688047D4F8D40204EBF4
:10A490008000D0F8C00201F06FF9D4F8D40204EBC8
:10A4A0008000C0F8C062C4F8BC62002070BD00002B
:10A4B000B801002410B5D0F8D41200EB8100D0F818
:10A4C000C042002C10D0D0F8C41259B194F8000248
:10A4D000FF2807D08B68214694F801229847FF2077
:10A4E00084F80002002010BD032010BD0A21018065
:10A4F00000487047BC01002470B506460C48822114
:10A5000000F07AFB05460A48012100F075FB04467D
:10A510000748812100F070FB0DB11021A971402185
:10A5200004B1A18000B1818043203080004870BD1B
:10A53000C801002470B506460D48822100F05CFB7E
:10A5400005460B48012100F057FB044608488121CD
:10A5500000F052FB0DB11021A9714FF4007104B14C
:10A56000A18000B1818043203080014870BD00008F
:10A57000C801002470B506460C48822100F03CFB5F
:10A5800005460A48012100F037FB044607488121AF
:10A5900000F032FB0DB11021A971402104B1A1805E
:10A5A00000B1818043203080004870BDC801002484
:10A5B0002DE9F04704464FF40776304601F0DEF807
:10A5C00005464FF00008002D64D031462846F5F7C7
:10A5D00045FFD4F8D40204EB8000C0F8C052C4F8A0
:10A5E000BC520127207C4FF4007A474E4FF01009EF
:10A5F000F0B3317840230222204600F07AFD307813
:10A6000000F00F0000EB800004EB80008784402303
:10A6100071780222204600F06CFD707800F00F0087
:10A6200000EB800004EB8000A0F86471B07800F0CB
:10A630000F0000EB800004EB8000A0F826900823B8
:10A64000B1780322204600F054FDB07800F00F00EE
:10A6500000EB800004EB80008784C5F80482D4F806
:10A66000D40204EB8000D0F8C4020068804700E008
:10A6700018E0C5F81482C5F81882D5F80422C2B3D0
:10A68000207CB8B371784023204600F03EFD0020C6
:10A69000BDE8F087D4F8D40204EB8000C0F8C08293
:10A6A0000220F5E7317802225346204600F021FDD2
:10A6B000307800F00F0000EB800004EB800087840E
:10A6C000022271785346204600F013FD707800F0A6
:10A6D0000F0000EB800004EB8000A0F86471B078FC
:10A6E00000F00F0000EB800004EB8000A0F8269043
:10A6F000A5E700E001E00220CAE771785346204652
:10A7000000F003FDC3E70000B801002410B5D0F845
:10A71000D41200EB8101D1F8C01200290AD0027CCA
:10A72000094C4AB1D1F804224023617800F0EDFCD5
:10A73000002010BD032010BDD1F804224FF4007397
:10A74000617800F0E2FCF3E7B8010024002907D0AB
:10A75000D0F8D42200EB8200C0F8C4120020704769
:10A7600003207047D0F8D42200EB8200D0F8C0025A
:10A77000002803D0C0F8041200207047032070475F
:10A78000D0F8D43200EB8300D0F8C002002805D006
:10A79000C0F80812C0F8102200207047032070474C
:10A7A0002DE9FC4106460C46D6F8D40206EB8000A3
:10A7B000D0F8C0720021019100910025002F0DD02A
:10A7C000217811F0600238D0202A09D02146304685
:10A7D00000F0C5F803252846BDE8FC810320FBE70F
:10A7E000E2880AB3090610D5D0F8C402394694F8B5
:10A7F00001C0836860469847E288072A00D907228B
:10A800003946304600F0D1F8E5E7607887F8000275
:10A81000E088402800D34020C2B287F801223946A0
:10A82000304600F0A8F8D6E7D0F8C40200226378DA
:10A83000214686681846B047CDE7607858B10128B0
:10A84000C9D00A2817D00B2825D02146304600F061
:10A8500086F80325BFE796F89C02032805D0214619
:10A86000304600F07CF80325B5E702226946304601
:10A8700000F09BF8AFE796F89C02032805D021462C
:10A88000304600F06CF80325A5E70122304601A907
:10A8900000F08BF89FE796F89C0203289BD0214696
:10A8A000304600F05CF8032595E7000010B5D0F8BD
:10A8B000D41200EB8101D1F8C0220121002A03D07B
:10A8C000D2F8143213B114E0032010BD02F5027265
:10A8D0000121D16008499468097801F00F0303EB66
:10A8E000830300EB83039C619368126800F0B8FC5B
:10A8F0000021084610BD0000B801002410B5002456
:10A90000D0F8B8225268904700B10324204610BD09
:10A9100090F89C22012A05D0022A03D0032A01D0F4
:10A9200000F01DB84988012904D10021C0F8A41203
:10A9300000F048B87047002070470020704710B5FD
:10A9400013460A46002100F0E0FB002010BD10B5C0
:10A9500013460A46002100F083FC002010BD10B50C
:10A9600004468021204600F05CFC2046BDE81040F3
:10A97000002100F056BC10B50323C0F89432C0F893
:10A980005821C0F85C2113460A46002100F0BDFBA7
:10A99000002010BD10B50521C0F8941200231A46FE
:10A9A000194600F0B2FB002010BD10B50223C0F81C
:10A9B00094328261C26113460A46002100F050FCC5
:10A9C000002010BD10B50421C0F8941200231A46CF
:10A9D000194600F045FC002010BD0A46D188012927
:10A9E00002D01146FFF7BBBF90F89C12012906D098
:10A9F000022904D0032909D01146FFF7B0BF002176
:10AA00008160012200F10801FFF7CFBF0122011D83
:10AA1000FFF7CBBF2DE9F84304460F460020009016
:10AA2000002600257988080A062870D006DC01284F
:10AA30002FD0022835D0032804D148E0072867D05A
:10AA40000F2817D039462046FFF789FF0125002D32
:10AA50000ED1FA88002A71D0BDF8000000286ED00F
:10AA6000824200D90246009231462046FFF79DFF00
:10AA7000BDE8F883D4F8B402C26922B1207C6946EB
:10AA800090470646E3E739462046FFF768FF012571
:10AA9000DDE7D4F8B412207C0A6869469047064680
:10AAA000D5E7207C4FF0020840B1D4F8B802C16A63
:10AAB00068468847064686F80180C8E7D4F8B80299
:10AAC000816A68468847064686F80180BFE7C8B2B3
:10AAD000062862D2DFE800F0031223344352D4F890
:10AAE000B402426822B1207C694690470646AEE730
:10AAF00039462046FFF733FF0125A8E7D4F8B40212
:10AB0000826832B1207C6946904706469FE74AE05A
:10AB100058E039462046FFF722FF012597E7D4F891
:10AB2000B402C26822B1207C6946904706468EE78F
:10AB300039462046FFF713FF012588E758E052E029
:10AB4000D4F8B402026922B1207C694690470646D7
:10AB50007DE739462046FFF702FF012577E7D4F865
:10AB6000B402426922B1207C6946904706466EE7EE
:10AB700039462046FFF7F3FE012568E7D4F8B40212
:10AB8000826922B1207C6946904706465FE73946D4
:10AB90002046FFF7E4FE012559E739462046FFF736
:10ABA000DEFE012553E7207C28B139462046FFF719
:10ABB000D6FE01254BE7D4F8B802416B68468847BA
:10ABC000064644E7207C28B139462046FFF7C7FEF9
:10ABD00001253CE7D4F8B802016B68468847064671
:10ABE0000721717033E739462046FFF7B8FE3FE78B
:10ABF0002046FFF7E7FE3BE778B50E460546002402
:10AC000028466A8829788A4211D900910AE0694663
:10AC100000F019F84178052904D10446A178B14221
:10AC200005D000246988BDF800209142EFD8204665
:10AC300078BD002102E0491CC9B2401C0278002AFC
:10AC4000F9D1084670470A8803781A440A800178C7
:10AC5000084470470A4690F89C12012906D0022940
:10AC600004D0032902D01146FFF779BED18802290A
:10AC700002D01146FFF773BE0121C160D0F8A412C3
:10AC800009B10321C160022200F10C01FFF78DBE62
:10AC900070B50D461646002821D004462046FFF721
:10ACA000C8FF022101EB40014FF40070814204D83B
:10ACB0002046FFF7BEFF4000801C308030782870AF
:10ACC000032068700220002206E02954641C401C06
:10ACD000C0B22A54401CC0B221780029F5D170BD01
:10ACE00001460020002906D0012905D0022905D0FF
:10ACF000032905D0032070470320704701207047C7
:10AD00000320704710B5002806D007A00A46054961
:10AD1000FFF7BEFF034810BD03A00A460149FFF735
:10AD2000B7FFF7E7289B002443444320436F6E6638
:10AD30006967000012200880004870476401002401
:10AD400010B5002806D007A00A460549FFF7A0FF66
:10AD5000034810BD03A00A460149FFF799FFF7E732
:10AD6000289B002443444320496E746572666163E6
:10AD7000650000000420088000487047600100243E
:10AD800010B504A00A460249FFF782FF004810BD33
:10AD9000289B002453544D6963726F656C6563741E
:10ADA000726F6E696373000010B5002806D007A0AB
:10ADB0000A460549FFF76CFF034810BD03A00A4689
:10ADC0000149FFF765FFF7E7289B002453544D33F3
:10ADD00032205669727475616C20436F6D506F72CA
:10ADE0007400000010B51A200880F6F7B9FD01487C
:10ADF00010BD00008401002400280FD00023C0F8FB
:10AE0000B832C0F8C432C0F8D03209B1C0F8B412B8
:10AE1000012180F89C12027000F0FEB803207047F8
:10AE200010B5D0F8C802F9F70FFFBDE81040FFF7E2
:10AE300057BF10B5D0F8C802F9F7E2FEBDE81040E0
:10AE4000FFF74EBF70B504460B461646002B08D0E0
:10AE500043F080012046FFF76EFDFF285ED078B3F7
:10AE60005CE004F11400D4F89412002502293CD1CE
:10AE7000D0E902218A420CD9521A8260314620461A
:10AE8000FFF765FD002320461A46194600F03DF9FC
:10AE90002BE0914215D14068884212D3D4F8981221
:10AEA00088420ED2002220461146FFF750FDC4F81A
:10AEB000985200231A461946204600F026F914E05D
:10AEC0001CE094F89C02032808D1D4F8B802C168A9
:10AED00021B1C4F8D452C168204688478021204659
:10AEE00000F09FF92046FFF755FD94F8A002A8B1A5
:10AEF000204600F0F4F984F8A0520FE094F89C1278
:10AF000003290BD1D4F8B8124A693AB1C4F8D40273
:10AF100020464A6919469047002800D1002070BD9C
:10AF200070B504460B4615460022002B08D003F0EE
:10AF30007F012046FFF7FFFCFF2854D078B352E092
:10AF400004F5AA70D4F8941203294CD1D0E9022157
:10AF50008A420AD9521A8260C068824200D30246ED
:10AF600029462046FFF7EBFC3DE094F8AA0210F0DA
:10AF70001F0006D0012806D002280AD0002078B190
:10AF80001BE00020FBE794F8AE122046FFF7D5FC4B
:10AF9000F5E794F8AE122046FFF7CDFCEFE710E09E
:10AFA00094F89C12032908D1D4F8B8120A6922B186
:10AFB000C4F8D4022046096988472046FFF702FDFD
:10AFC00011E094F89C1203290AD1D4F8B8128D69C3
:10AFD00035B1C4F8D40220468A6919469047024622
:10AFE0000AB1104670BD002070BD0020704710B53A
:10AFF0000024012180F89C12D0F8B822002A04D045
:10B0000052680179904700B10324204610BDD0F862
:10B01000C802F9F745BE000010B50178012929D111
:10B020001549C1F8E004C0F8C812144808600920A6
:10B0300008710222CA71002088714A728872C8722F
:10B0400008738873C87308740846FAF773F908B16F
:10B05000F6F7DFFA08484FF40071F9F782FD064869
:10B0600080220021F9F781FD034801214FF4BA72D3
:10B07000F9F77BFD002010BD48AF0024000004401C
:10B080000A06D0F8C80201F07F0101EBC10100EB14
:10B09000810001D5807D704790F85602704710B549
:10B0A000D0F8D42200EB8202D2F8B822002A04D0D1
:10B0B00090F89C32032B02D004E0032010BD126AEA
:10B0C00002B19047002010BD10B5D0F8D42200EB9B
:10B0D0008202D2F8B822002A04D090F89C32032BC6
:10B0E00002D004E0032010BD526A02B19047002054
:10B0F00010BD10B514461A46D0F8C8022346F9F719
:10B10000D8FDBDE81040FFF7EBBD10B5D0F8C80280
:10B11000F9F7FDFDBDE81040FFF7E2BD2DE9F04174
:10B1200004460025012684F89C620020C4F894029D
:10B130006060C4F8A40284F8A002D4F8B802002821
:10B1400006D0426822B100212046904700B1032575
:10B150002046002240231146FFF7CBFFA4F864618C
:10B160004027C4F860714023002220468021FFF769
:10B17000C0FFA68427622846BDE8F08190F89C12A3
:10B18000042903D190F89D1280F89C12002070478A
:10B1900010B590F89C12032905D1D0F8B81211B15E
:10B1A000C96901B18847002010BD017400207047B3
:10B1B00010B5D0F8C802FAF77AF9BDE81040FFF7E9
:10B1C0008FBD70B5044604F2AA20054600F051F880
:10B1D0000120C4F89402B4F8B002C4F8980294F8BC
:10B1E000AA2212F01F000AD001280ED0022812D085
:10B1F0002046BDE8704002F0800100F012B82946F8
:10B200002046BDE8704000F025B929462046BDE83B
:10B21000704000F06ABA29462046BDE8704000F050
:10B2200054B910B5D0F8C802F9F78AFDBDE810404E
:10B23000FFF756BD10B5D0F8C802FAF752F9BDE8CD
:10B240001040FFF74DBD90F89C12042903D090F8F0
:10B250009C1280F89D12042180F89C1200207047F7
:10B2600010B5D0F8C802F9F7A3FDBDE81040FFF70C
:10B2700037BD70B504460846017821704178801CBE
:10B28000617005462846FEF790F860802846851CC8
:10B290002846FEF78AF8A0802846801CFEF785F82D
:10B2A000E08070BD38B5044600200090002914D01D
:10B2B000C4F8B812D4F8D40204EB8000D0F8B80275
:10B2C000C16A19B168468847C4F8D002D4F8D802D8
:10B2D000401CC4F8D802002038BD032038BD00202F
:10B2E000704770B504468888002821D1C888F8B90D
:10B2F000488880281CD200F07F0594F89C0203281F
:10B300000DD084F89E5229462046FFF751FF204673
:10B31000FFF758FB45B1022084F89C0270BD20461F
:10B32000BDE87040FFF71BBB012084F89C0270BD94
:10B330002046BDE87040FFF712BB03460020D3F85B
:10B34000B822002A02D01268184610477047000041
:10B350002DE9F04104460F460025334EB97831708F
:10B36000012906D939462046FFF7F9FA0320BDE83E
:10B37000F08194F89C024FF0020802280CD00328B8
:10B3800024D039462046FFF7EAFA31782046FFF705
:10B39000B5FA03252846EAE7A1B161602046FFF728
:10B3A000CCFF0546280006D039462046FFF7D7FADD
:10B3B00084F89C82EEE72046FFF704FB032084F824
:10B3C0009C02E7E72046FFF7FDFAE3E7C9B16068B2
:10B3D000884224D0C1B22046FFF790FA31786160EC
:10B3E0002046FFF7AAFF0546280014D0394620461C
:10B3F000FFF7B5FA21792046FFF780FA84F89C829E
:10B40000C8E784F89C8261602046FFF777FA2046FF
:10B41000FFF7D8FABEE72046FFF7D4FABAE720468E
:10B42000FFF7D0FAB6E70000B40100244A88012AE9
:10B4300003D0022A06D0FFF792BA0121C0F8A41265
:10B44000FFF7C0BA8988090A80F8A012FFF7BABAD4
:10B45000FFF7F0BE10B500240A7812F0600211D098
:10B46000202A05D0402A03D0FFF779FA204610BDE4
:10B47000D0F8D42200EB8202D2F8B822926890472A
:10B480000446F3E74A780A2A1CD2DFE802F01218D1
:10B490001B151B08051B0F0BFFF7BCFAE6E7FFF7B0
:10B4A00020FFE3E7FFF754FF0446DFE7FFF795FAD5
:10B4B000DCE7FFF7CFFBD9E7FFF7B8FFD6E7FFF7E9
:10B4C00027FAD3E7FFF74BFAD0E72DE9F04105461D
:10B4D0000E4600273479307810F060001ED0202806
:10B4E00008D0402806D031462846FFF738FA3846BB
:10B4F000BDE8F08121462846FFF71DFAFF28F6D067
:10B500000028F4D1C5F8D402D5F8B8028268002A20
:10B51000EDD03146284690470746E8E77078002886
:10B5200070D0012831D0032804D031462846FFF7D7
:10B5300016FADCE795F89C02022806D0032815D0FD
:10B5400031462846FFF70BFAD1E754B1802C08D0DA
:10B5500021462846FFF765FE80212846FFF761FE59
:10B56000C5E731462846FFF7FAF9C0E7708840B9C9
:10B570003CB1802C05D0F08818B921462846FFF749
:10B5800050FE2846FFF71EFAB1E795F89C02022804
:10B5900006D0032815D031462846FFF7E0F9A6E784
:10B5A00054B1802C08D021462846FFF73AFE80216E
:10B5B0002846FFF736FE9AE731462846FFF7CFF9CF
:10B5C00095E77088002892D1600603D0214628466E
:10B5D000FFF726FC2846FFF7F5F921462846FFF736
:10B5E000AAF9FF2883D0002881D1C5F8D402D5F864
:10B5F000B8028268002A90D0314628469047074614
:10B6000075E7FFE795F89C024FF00008022806D086
:10B61000032825D031462846FFF7A1F967E734B162
:10B62000802C04D031462846FFF799F95FE72006C1
:10B6300007D504F07F0000EB800005EB800114319A
:10B6400007E004F07F0000EB800005EB800101F5CE
:10B65000AA71C1F8008002222846FFF7A6F946E742
:10B6600020060CD504F00F0000EB800005EB8000F5
:10B67000808C68B931462846FFF771F937E704F046
:10B680000F0000EB800005EB8000B0F8640148B1CA
:10B6900020060CD504F07F0000EB800005EB80064F
:10B6A00014360CE031462846FFF759F91FE704F03D
:10B6B0007F0000EB800005EB800606F5AA764CB112
:10B6C000802C07D021462846FFF7DAFC28B101205C
:10B6D000306004E0C6F8008001E0C6F80080022275
:10B6E00031462846FFF761F901E770B505460E4679
:10B6F0000024307810F0600009D0202807D04028BE
:10B7000005D031462846FFF72AF9204670BD95F846
:10B710009C02012808D0022806D0032804D0314614
:10B720002846FFF71CF9F0E7B088C1B201291ED8FE
:10B73000C1B22846FFF701F9FF2800D048B1032421
:10B74000F0880028E1D1002CDFD12846FFF73AF934
:10B75000DBE7D5F8B8128A683AB1C5F8D4022846B2
:10B760008A68314690470446EAE70324E8E7314611
:10B770002846FFF7F4F8C8E7704700000048704714
:10B7800028AD002470B50A7801234E7802F00F042A
:10B790001C4DA340012E19D0D0F81C4844EA0343A5
:10B7A000C0F81C3800EB4210D0F8002B12040BD468
:10B7B000D0F8002B0B890979C3F30A031A4345EA31
:10B7C00081410A43C0F8002B002070BDD0F81C480E
:10B7D0009BB21C43C0F81C4800EB4210D0F8003963
:10B7E0001B04F1D4D0F800390C890979C4F30A0498
:10B7F0008904234341EA82510B432B43C0F80039AB
:10B80000E2E7000000800010D0F800196FF30A0191
:10B81000C0F80019D0F8041841F48071C0F8041879
:10B82000002070470FB410B504469DF811000128A0
:10B8300023D0E06840F04000E060204600F040F88F
:10B840009DF8151089B3A16B21F48031A1639DF897
:10B850000E1001290ED1E16D89B2E165E16D164A44
:10B860001143E165A16841F00601A160A16841F0C2
:10B870002001A16010BC5DF814FBA06B20F48030A7
:10B88000A063E0680D490840E060E06820F44010E3
:10B89000E0609DF81800012803D1E06840F48010B2
:10B8A000E060204600F00CF8D1E7FFE7A16B41F41F
:10B8B0008031A163CBE700000000EE03BFFFBDFFB6
:10B8C00008B5002300934FF070620099491C009165
:10B8D0000099914201D9032008BD01690029F4DAD9
:10B8E0000093016941F0010101610099491C009137
:10B8F0000099914201D9032008BD0169C907F4D11B
:10B90000002008BD70B50A7801254B78012B00EBAB
:10B9100042122BD0D2F8003B002B0BDAD2F8003BBE
:10B9200043F00063C2F8003BD2F8003B43F0804391
:10B93000C2F8003B00F61C00046A0B7803F00F0607
:10B9400005FA06F324EA034404620468097801F066
:10B950000F0105FA01F324EA03410160D2F8000B5C
:10B9600018490840C2F8000B002070BDD2F8003919
:10B97000002B0BDAD2F8003943F00063C2F800392B
:10B98000D2F8003943F08043C2F8003900F61C00B9
:10B99000046A0B7803F00F0605FA06F39EB2B4436F
:10B9A00004620468097801F00F0105FA01F399B205
:10B9B0008C430460D2F8000903490840C2F800092A
:10B9C000D2E700000078F3EF007833ECD0F8001EE7
:10B9D00021F00301C0F8001ED0F8041821F0020184
:10B9E000C0F8041800207047D0F8001E21F00301B1
:10B9F000C0F8001ED0F8041841F00201C0F8041885
:10BA0000002070470FB42DE9F043044600250020C4
:10BA1000002704EB8001C1F80471401C0F28F8D303
:10BA20009DF82A6046B3A06B40F40011A163C4F8EE
:10BA3000007E9DF82500012831D00321204600F02A
:10BA40007DFB1021204600F0B9FA00B10125204607
:10BA500000F094FA00B10125C4F81078C4F8147805
:10BA6000C4F81C7800209DF820204FF000634FF0B0
:10BA7000904C4FF67F3834E0D4F8040840F00201CF
:10BA8000C4F80418A06B20F40011A163206840F0F2
:10BA900040012160206840F080012160C7E79DF8E7
:10BAA000230020B10121204600F048FBC9E7002116
:10BAB000204600F043FBC4E704EB4011D1F80099A5
:10BAC000B9F1000F06DA10B1C1F800C904E0C4F8FA
:10BAD000003901E0C1F80079C1F81079C1F808898E
:10BAE000401C8242E8D8002014E004EB4011D1F859
:10BAF000009BB9F1000F06DA10B1C1F800CB04E0E9
:10BB0000C4F8003B01E0C1F8007BC1F8107BC1F82C
:10BB1000088B401C8242E8D8D4F8100820F48071C9
:10BB2000C4F81018A7616FF0804060619DF8220092
:10BB300018B9A06940F01000A061A0690A49084343
:10BB4000A0619DF8260018B1A06940F00800A0612E
:10BB5000012E03D1A06905490843A0612846BDE82C
:10BB6000F0035DF814FB000000383C800400004046
:10BB7000816821F0010181600020704710B5036CDD
:10BB8000124CA34205D9D0F8003B002B01DA00206B
:10BB900010BD00F5316000230360036843F4002307
:10BBA0000360036843F018030360036843F0C04375
:10BBB0000360A0F53160012906D100F530604261D3
:10BBC000016841F080210160002010BD0A30544F0F
:10BBD0000B784A78012A00EB43100BD0D0F8002BE9
:10BBE00022F40012C0F8002B0979032914D002298D
:10BBF00012D017E0D0F8002922F40012C0F8002972
:10BC00000979032901D002290CD1D0F8001941F09B
:10BC10008051C0F8001905E0D0F8001B41F08051B8
:10BC2000C0F8001B002070470A784B780978012B78
:10BC300000EB411012D0D0F8001B002906DB2AB11E
:10BC4000D0F8001B21F08041C0F8001BD0F8001B89
:10BC500041F40011C0F8001B00207047D0F8001913
:10BC6000002906DB2AB1D0F8001921F08041C0F884
:10BC70000019D0F8001941F40011C0F80019EBE7E1
:10BC8000F8B50C786FF060460B784F788E4D012F29
:10BC900000EB431329D0D3F8107B6FF31207C3F8DE
:10BCA000107BD3F8107B2F40C3F8107B002C7DD085
:10BCB0000D69002D7BD08C6825446D1EB5FBF4F515
:10BCC000ADB26C430C62D3F8104B06EAC5452C4369
:10BCD000C3F8104BD3F8104B0D6AC5F312052C4373
:10BCE000C3F8104B012A7DD0D1E00F6927B3D3F8F8
:10BCF00010796FF31207C3F81079D3F810792F4039
:10BD0000C3F8107934B30F698D682F447F1EB7FBD9
:10BD1000F5F506EAC545D3F810693543C3F810595F
:10BD2000D3F810590E69C6F312063543C3F81059FB
:10BD30000D79012D1AD023E003F511631E682E4002
:10BD40001E601D6845F400251D601D686FF3120517
:10BD50001D6015E00E698D68AE4200D90D61D0F806
:10BD6000105945F40026C0F81069D9E703F51163AE
:10BD70001D6825F0C0451D601D6845F000551D601B
:10BD8000012A1BD000EB4413D3F8004944F00444CB
:10BD9000C3F800490C79012C39D00A69002A0CD06B
:10BDA000D0F83428097801F00F0301E048E05BE0A7
:10BDB000012199400A43C0F8342882E0CA691AB1C7
:10BDC00000EB4413C3F814290979012916D1D0F8DE
:10BDD0000818C9050AD400EB4411D1F8002942F033
:10BDE000005200E04FE0C1F8002907E000EB4411E9
:10BDF000D1F8002942F08052C1F8002900EB44102C
:10BE0000D0F8001941F00441C0F8001959E0D0F809
:10BE10000848E40506D4D3F8004944F00054C3F8B8
:10BE2000004905E0D3F8004944F08054C3F80049C4
:10BE300000920A8A93B20A78C96800F001FA40E0D9
:10BE40000C690CB18C680C618C680C62D0F8105BCA
:10BE5000C4F312042543C0F8105BD0F8104B44F42F
:10BE60000024C0F8104B3DE7D3F8104B8D68C5F3A4
:10BE700012052C43C3F8104BD3F8104B44F40024A4
:10BE8000C3F8104B2EE7CA680AB1C3F8142B09791E
:10BE9000012910D1D0F80808C00506D4D3F8000B4A
:10BEA00040F00050C3F8000B05E0D3F8000B40F061
:10BEB0008050C3F8000BD3F8000B40F00440C3F8E7
:10BEC000000B0020F8BD0000FFFF07E038B500229E
:10BED00000920B784D7800EB431442F21073012D61
:10BEE0001AD0D4F8005B002D40DAD4F8005B45F09E
:10BEF0000065C4F8005B0C7800EB4414D4F8005BD8
:10BF000045F08045C4F8005B009C641C0094009CD4
:10BF10009C4224D9012229E0D4F80059002D25DAC9
:10BF2000D4F8005945F00065C4F800590C7800EBCE
:10BF30004414D4F8005945F08045C4F80059009CD9
:10BF4000641C0094009C9C4201D901220EE00C78F4
:10BF500000EB4414D4F80049002CF0DB06E00C7828
:10BF600000EB4414D4F8004B002CCDDB104638BD58
:10BF7000816841F0010181600020704708B500230D
:10BF800000934FF070620099491C00910099914212
:10BF900001D9032008BD01690029F4DA00931021BA
:10BFA00001610099491C00910099914201D9032037
:10BFB00008BD0169C906F4D4002008BD18B50024E5
:10BFC00000944FF07063009A521C0092009A9A42BB
:10BFD00001D9032018BD0269002AF4DA0094202256
:10BFE00042EA811101610099491C0091009999422E
:10BFF00001D9032018BD01698906F4D4002018BDB9
:10C00000D0F8080800F00600002805D0022805D066
:10C01000062803D00F207047002070470220704789
:10C02000406900F001007047D0F81818D0F81C08DB
:10C03000084080B27047D0F81818D0F81C080840A3
:10C04000000C704710B5D0F81038D0F8342801F043
:10C050000F04E24002F0010243EAC21200EB411079
:10C06000D0F80809104010BD00EB4111D1F8081BB1
:10C07000D0F814080840704741698069084070474B
:10C0800030B503460846940802F00301002203F588
:10C09000805303E01D6840F8045B521CA242F9D3B0
:10C0A00000290BD000221C68D50024FA05F300F803
:10C0B000013B521C491E89B20029F5D130BD70B533
:10C0C00005460024E86820F0C040E860012902D05D
:10C0D00089B1012070BDE86840F00050E8600A2096
:10C0E000F7F7EEFC0A342846FFF79AFF012810D034
:10C0F000C82CF4D30DE0E86840F08040E8600A20E6
:10C10000F7F7DEFC0A342846FFF78AFF08B1C82C8F
:10C11000F5D3C82C01D0002070BD012070BD00F502
:10C120000060026822F4FE62026002684FF4FE635F
:10C1300003EA01110A43026000207047D0F800288A
:10C140000A43C0F80028002070470000022A0ED0E1
:10C1500082B30921C26822F47052C260C2684FF4EF
:10C16000705303EA81210A43C26000207047224ACB
:10C17000224B0A449A4201D20F21EBE7204A214B7D
:10C180000A449A4201D20E21E4E71F4A1F4B0A4497
:10C190009A4201D20D21DDE71D4A1E4B0A449A4204
:10C1A00001D20C21D6E71C4A1C4B0A449A4202D207
:10C1B0000B21CFE71DE01A4A1A4B0A449A4201D2DA
:10C1C0000A21C7E7184A194B0A449A4201D20921A9
:10C1D000C0E7174A174B0A449A4201D20821B9E72F
:10C1E000154A1144154A914201D20721B2E70621AE
:10C1F000B0E70921AEE70000405327FF00350C00EF
:10C20000401E1BFF40420F0000DC0BFF804F12005E
:10C21000808CF9FE20D6130060B6E5FE60E31600C0
:10C2200000D3CEFE40771B00C05BB3FEC09121005F
:10C2300000CA91FE20753800E05459FEE09C410090
:10C2400010B5029C002C0DD1DB1C9C08002300EBD8
:10C25000023000F5805003E051F8042B02605B1CB3
:10C26000A342F9D3002010BDFEE700F001F8FCE77F
:10C270002DED048B002140F2FF726D48F5F78CFB29
:10C280006C4902226A48F6F72BF9DFF8A8919FED76
:10C290006A8ADFED6A8ADFF8A8A1A9F10407DFF84E
:10C2A000A481694C694EB2EE069AB9F80200798809
:10C2B000084400EE100AB8EE400A60EE080A80EE6C
:10C2C000A80A20EE090A87ED020A10EE100A40447F
:10C2D000504504D25E480421FBF722FE03E05C488F
:10C2E0000421FBF7BBFEB86800EB08015948814206
:10C2F0007ED201203870002281033046F8F73EFBE1
:10C30000002230464FF40051F8F738FB0025B4F80E
:10C310002026B4F82416504800F052FBB4F8002749
:10C32000B4F804174C4800F04BFBB4F8E027B4F81D
:10C33000E417494800F044FBB4F8C028B4F8C41826
:10C34000454800F03DFBB4F8A029B4F8A4194248D0
:10C3500000F036FBB4F8802AB4F8841A3E4800F0A6
:10C360002FFBB4F8602BB4F8641B3B4800F028FBAB
:10C37000052000F05CFE6D1C072DC8DB002522881F
:10C38000A188364800F01CFBB4F8E020B4F8E410B3
:10C39000324800F015FBB4F8C021B4F8C4112F489E
:10C3A00000F00EFBB4F8A022B4F8A4122B4800F061
:10C3B00007FBB4F88023B4F88413284800F000FB8E
:10C3C000B4F86024B4F86414244800F0F9FAB4F81E
:10C3D0004025B4F84415214800F0F2FA052000F099
:10C3E00026FE6D1C072DCADB0025DFF874B000E0C7
:10C3F0000DE0BBF80027BBF804171A4800F0E0FA7C
:10C40000052000F014FE6D1C072DF0DB0BE001226F
:10C4100030469103F8F7B2FA012230465103F8F79B
:10C42000ADFA00203870642000F001FE3DE7000006
:10C4300048020024F40000243333534000FF7F47B8
:10C44000CCCCF400FFFF3FBFE0810024000802587D
:10C45000D40600249999F10030030024D00300246D
:10C46000248E0024700400240FB4054B10B503A9DA
:10C47000044A029800F028F810BC5DF814FB000094
:10C48000BDCD0008440200240907090E002804DB82
:10C4900000F1E02080F80014704700F00F0000F178
:10C4A000E02080F8141D704702E008C8121F08C180
:10C4B000002AFAD170477047002001E001C1121F25
:10C4C000002AFBD1704700002DE9FF4F8DB00F46C9
:10C4D0000546002606E025280BD0DDE90F1290471F
:10C4E0006D1C761C28780028F5D111B03046BDE8C7
:10C4F000F08F0024A246A1460122E94900E004434E
:10C5000015F8013F203B02FA03F00842F7D12878E2
:10C510002A2810D06FF02F022878A0F130010929C5
:10C5200014D80AEB8A0102EB410144F0020400EB4B
:10C53000010A6D1CF0E701CF5FEA000A03D544F45D
:10C540000054CAF1000A44F002046D1C28782E2819
:10C5500017D115F8010F44F004042A280ED06FF00B
:10C560002F022878A0F1300109290AD809EB8901A6
:10C5700002EB410100EB01096D1CF2E757F8049B47
:10C580006D1C28786C280FD006DC4C2817D0682842
:10C590000DD06A2814D104E0742810D07A280FD165
:10C5A0000DE044F400140AE044F4801401E044F483
:10C5B00040146978814202D104F580146D1C6D1C11
:10C5C00028786E281ED00CDC632830D004DC0028CC
:10C5D0008BD0582811D19FE0642867D069280CD1EE
:10C5E00064E073282DD004DC6F2872D0702804D149
:10C5F00094E075286ED078286DD0DDE90F12904751
:10C60000761C4BE1C4F30250022806D0032809D05F
:10C61000042801CF09D0066040E101CFF117C0E93D
:10C6200000613BE101CF068038E1067036E117F882
:10C63000040B8DF8000000208DF80100EB4601206E
:10C6400003E057F804BB4FF0FF3061074FF00001E3
:10C6500002D40DE008F10101884649450FDA804512
:10C66000F8DB1BF808100029F4D108E008F10101FB
:10C6700088468142FADB1BF808100029F6D1DDE973
:10C680000F23AAEB08008146214600F031F930441F
:10C6900000EB080604E0DDE90F121BF8010B9047E0
:10C6A000B8F10108F7D221464846F2E00A21C4F366
:10C6B00002524FF0000B0891022A04D001CFC1179B
:10C6C000032A09D00AE0FF1D27F00707F7E8020157
:10C6D00008E02CE01EE01FE000B2C117042A01D1DF
:10C6E00040B2C117021E71F1000206DA0023D0EB3E
:10C6F000030063EB01012D2202E0220504D52B2269
:10C700008DF82420012203E0E20701D02022F7E780
:10C71000904653E00A210BE0102109E010214FF070
:10C72000000B44F004044FF00809089103E00821CD
:10C730004FF0000B0891C4F30252022A04D001CF3B
:10C740000021032A06D006E0FF1D27F00707F7E8BF
:10C75000020103E080B2042A00D1C0B24FF0000809
:10C7600022072BD52A78702A07D0DDF820C08CF05C
:10C77000100C5CEA0B0C05D00EE040228DF8242052
:10C78000012208E050EA010306D030238DF824305E
:10C790008DF8252002229046089B83F0080353EA77
:10C7A0000B030BD150EA010201D1620706D53022FA
:10C7B0008DF824204FF00108A9F101092A78582AA0
:10C7C00004D038A20B9208AA0A920BE03AA2F9E729
:10C7D0005B46089AF3F7F8FD0B9B9B5C0A9A521E86
:10C7E0000A92137050EA0102F2D10A98ADEB0000F0
:10C7F00000F1200B600702D524F4803401E04FF0F3
:10C800000109D94502DDA9EB0B0000E0002000EB97
:10C810000B0141440890AAEB010AE00306D4DDE9CC
:10C820000F232146504600F063F806444FF00009FC
:10C8300008E009A911F80900DDE90F12904709F194
:10C840000109761CC145F4DBE0030CD5DDE90F23BB
:10C850002146504600F04CF8064404E0DDE90F1292
:10C8600030209047761C0899481E08900029F5DC76
:10C8700008E00A980A990078491C0A91DDE90F122C
:10C880009047761CBBF10001ABF1010BF1DC2146B6
:10C890005046DDE90F2300F019F806446D1C21E62F
:10C8A0000928010030313233343536373839616286
:10C8B000636465660000000030313233343536374A
:10C8C0003839414243444546000000002DE9F0411B
:10C8D000044600251E461746880404D405E0394660
:10C8E0002020B0476D1C641EF9D52846BDE8F081B4
:10C8F0002DE9F041044600251E469046C80301D5A7
:10C90000302700E02027880404D505E0414638465A
:10C91000B0476D1C641EF9D52846BDE8F0810000C3
:10C9200070B505460022092105F5E06000F04FFAD8
:10C930000024B5F80027B5F80417054800F010FAF0
:10C94000142000F074FB641C0A2CF2DB70BD0000A4
:10C950007004002400B589B000910021019102917A
:10C96000082B01D803931DE00C2B0AD0102B0BD001
:10C97000142B0CD0182B0DD0302B0ED0402B0FD0F9
:10C9800010E0092303930DE00A2303930AE00B232D
:10C99000039307E00C23039304E00E23039301E0C9
:10C9A0000F23039304914FF4801305935B000693C8
:10C9B000079108916946F7F7D7F809B0002000BD44
:10C9C0001CB5114489B2FF228DF800208DF801209A
:10C9D0008DF802208DF803208DF804208DF80520B5
:10C9E0008DF80620FD228DF8072008236A46FFF700
:10C9F000B1FF1CBD7FB5CB784C780A7842EA04229F
:10CA00001F2B2CD800EB83000C7900F8604F4C7979
:10CA100044708C798470CC79C470CD790C794E795E
:10CA200044EA05648D792D0445EA06252C4304600B
:10CA30000B484478641C447044781F2C01D90024AE
:10CA40004470012404704D790C798E79C979CDE94F
:10CA500001650394009141780248FFF705FD7FBD11
:10CA60003000002470DC000810B503460C46082A8C
:10CA700046D1A078332844D0207800F00F00988069
:10CA800020780009D8806178A07840EA0120986079
:10CA9000E1782279090141EA1211D960227961799C
:10CAA00002F00F0241EA022119611021F2EE090A97
:10CAB000BAEE090A00F046FD83ED070AD8680C219A
:10CAC000F2EE040ABAEE040A00F03CFD83ED080A17
:10CAD00018690C21F3EE0C0ABBEE0C0A00F032FDD3
:10CAE00083ED090AA07900EE100AB8EE400A83ED42
:10CAF0000C0AE07900EE100AB8EE400A83ED0D0A48
:10CB000010BD21461846BDE81040FFF773BF000076
:10CB1000024600B5DFED1A1A1020B2EE091AFAEE3D
:10CB2000090AB0EE610A00F035F950650C20B2EE4A
:10CB3000041AFAEE040AB0EE610A00F02BF99065CF
:10CB40000C209FED101AF0EE610AB0EE610A00F0C1
:10CB500021F9D0640C20B1EE041AF0EE610AB0EEB7
:10CB6000610A00F017F910650C20B3EE0C1AFBEE09
:10CB70000C0AB0EE610A00F00DF9D06500BD0000AE
:10CB8000000000000000FA43024610B58B78C87818
:10CB900040EA032050650B794C791B0143EA1413DA
:10CBA00093654C798B7904F00F0443EA0423D36432
:10CBB000CB790C7A1B0143EA141313654B7A097A7B
:10CBC00001F00F0143EA0121D1651021F2EE090ABB
:10CBD000BAEE090A00F0B6FC82ED110A906D0C2144
:10CBE000F2EE040ABAEE040A00F0ACFC82ED120A7E
:10CBF000D06D0C21F3EE0C0ABBEE0C0A00F0A2FC87
:10CC000082ED100A9FED0C2AD06C0C21DFED090A91
:10CC1000B0EE420A00F096FC82ED0E0A106D0C2177
:10CC2000F1EE040AB0EE420A00F08CFC82ED0F0A2D
:10CC300010BD00000000FA430000000010B50346DC
:10CC40000C46082A43D1207800F00F009880207805
:10CC50000009D8806178A07840EA01209860E178E6
:10CC60002279090141EA1211D9602279617902F031
:10CC70000F0241EA022119611021F2EE090ABAEE0F
:10CC8000090A00F05FFC83ED070AD8680C21DFED8C
:10CC9000100A9FED100A00F055FC83ED080A186990
:10CCA0000C21F2EE080ABAEE080A00F04BFC83ED04
:10CCB000090AA07900EE100AB8EE400A83ED0C0ACA
:10CCC000E07900EE100AB8EE400A83ED0D0A10BDBF
:10CCD00000003442000034C2024600B5DFED1C1AE9
:10CCE00010209FED191ADFED190AB0EE610A00F06D
:10CCF00051F850650C20B3EE041AFBEE040AB0EEB6
:10CD0000610A00F047F890650C209FED121AF0EED2
:10CD1000610AB0EE610A00F03DF8D0640C20B1EE7B
:10CD2000041AF0EE610AB0EE610A00F033F8106503
:10CD30000C209FED091ADFED090AB0EE610A00F040
:10CD400029F8D06500BD0000560E4941560E49C174
:10CD5000000000000000FA430000F0420000F0C2B2
:10CD60001CB5114489B2FF228DF800208DF80120F6
:10CD70008DF802208DF803208DF804208DF8052011
:10CD80008DF80620FC228DF8072008236A46FFF75D
:10CD9000E1FD1CBD31EE601A012170EE600A814098
:10CDA000491E00EE101AB8EEC00A20EE800AC0EE4E
:10CDB000010ABDEEE00A10EE100A704738B50446CD
:10CDC0008DF8000069460320ABBE204638BD0280C6
:10CDD00081807047F7F7E8FDFCF708FBFCF724F9C2
:10CDE000FBF79AFEFBF76EFDFBF72EFFFBF798FFB4
:10CDF000FBF70EFEFBF7CEFFFBF79AFDFBF7CEFD30
:10CE0000FBF70AFDFBF750FF0F480421FBF726F95B
:10CE10004FF4F070F4F7D8FB0C48FAF75DFE0C4CB9
:10CE2000012251032046F7F7A9FD01222046910374
:10CE3000F7F7A4FDF4F7F0FBF4F744FCFBF722FE50
:10CE400000F0FDF8FEE70000D40600248806002468
:10CE50000008025801460020842900D0C81C7047F1
:10CE60002DE9FC41F0EE602AB0EE413A07460E464D
:10CE70001020B2EE091AFAEE090AFFF78BFF0246FC
:10CE80000C20B2EE041AFAEE040AB0EE620AFFF7C2
:10CE900081FF0346DFED202A0C209FED1E1AF0EEE5
:10CEA000620AB0EE430AFFF775FF04460C20B1EEAC
:10CEB000041AF0EE620AB0EE610AFFF76BFF054656
:10CEC0000C20B3EE0C1AFBEE0C0AB0EE420AFFF790
:10CED00061FF110A8DF800108DF8012019098DF8F5
:10CEE0000210190141EA14218DF803108DF8044055
:10CEF00029098DF80510290141EA10218DF8061045
:10CF00008DF8070008236A4631463846FFF722FDB0
:10CF1000BDE8FC810000FA43000000002DE9FC415F
:10CF2000F0EE602AB0EE413A07460E461020B2EE0F
:10CF3000091AFAEE090AFFF72DFF02460C209FEDB1
:10CF4000241ADFED240AB0EE620AFFF723FF03463E
:10CF5000DFED222A0C209FED201AF0EE620AB0EEDF
:10CF6000430AFFF717FF04460C20B1EE041AF0EE57
:10CF7000620AB0EE610AFFF70DFF05460C20B2EE23
:10CF8000081AFAEE080AB0EE420AFFF703FF110A88
:10CF90008DF800108DF8012019098DF80210190183
:10CFA00041EA14218DF803108DF8044029098DF809
:10CFB0000510290141EA10218DF806108DF80700AF
:10CFC00008236A4631463846FFF7C4FCBDE8FC81B9
:10CFD00000003442000034C20000FA4300000000A8
:10CFE0002DE9FC414C321389948915889688128A60
:10CFF0001F0A8DF800708DF8013023098DF802307A
:10D00000230143EA15238DF803308DF804503309CA
:10D010008DF80530330143EA12238DF806308DF880
:10D02000072008236A46FFF795FCBDE8FC8110B590
:10D03000002800D1012000F059FB002010BD10B5E0
:10D0400000F07CFB002010BD3EB504460D46B4F94F
:10D050000800FFF7FFFE02A92B46CDE90001208A58
:10D0600082B2D4E9001000F04FFC012801D000206A
:10D070003EBD02983EBD00002DE9F04104460F463A
:10D08000174EF5683068001D00F070FA38B9306846
:10D0900090F82C1001208840316981433161601C77
:10D0A00007D137B13168BDE8F0410E48091D00F0E5
:10D0B00096BA2C4430684460AC4206D23168B06BFA
:10D0C000091DBDE8F04100F072BA3168706B091DAE
:10D0D00000F06DFAB06A844200D2B462BDE8F0811B
:10D0E00034000024CC09002470B5044600F084FA12
:10D0F0001C4DA868401CA860286810B1686938B148
:10D100000CE02C60A868012808D100F0DDF805E0EB
:10D110002868E16AC06A884200D82C60686A401CAE
:10D120006862E06A01212A698140114329610E4940
:10D1300000EB800001EB8000211D00F050FA00F0B0
:10D140007BFA686900280CD02868E16AC06A8842C6
:10D1500007D206494FF080500860BFF34F8FBFF3EE
:10D160006F8F70BD34000024F008002404ED00E04F
:10D1700070B50C4D0C4E11E000F03EFAF068C4683A
:10D18000201D00F0F3F9A868401EA8606868401EE2
:10D19000686000F051FA204600F008F8686800283E
:10D1A000EAD170BD34000024B809002410B504464B
:10D1B000206B00F057FA2046BDE8104000F052BA4C
:10D1C0004FF4F0410F48420706D0C01D20F0070081
:10D1D0000C49411AC1F5F0410B4A1060002353601D
:10D1E0000144083921F00701183A11604B600B60C7
:10D1F0000B1A436001604068906050604FF000403F
:10D2000050617047E009002488000024074E4FF069
:10D210008054074DFFF7ACFF30680128FAD92C6025
:10D22000BFF34F8FBFF36F8FF4E70000F0080024C7
:10D2300004ED00E02DE9F04782469946DDE9085803
:10D240000A9C521E206B00EB820020F0070670073C
:10D2500007D0502080F31188BFF34F8FBFF36F8F3B
:10D26000FEE7002761B1002023180A5C83F8342010
:10D270000A5C12B1401C1028F6D384F8437001E018
:10D2800084F83470072D00D30625E5626564A76431
:10D29000201D00F089F904F1180000F085F92461DF
:10D2A000C5F10700A0616462E76484F850704A46E3
:10D2B0005146304600F0F4F82060B8F1000F01D07C
:10D2C000C8F80040BDE8F08770B50024124D04EBAB
:10D2D000840005EB800000F05CF9641C072CF6D399
:10D2E0000D488C3000F055F90B48A03000F051F992
:10D2F0000948B43000F04DF90748C83000F049F94A
:10D300000548DC3000F045F9044803498C3141639D
:10D310001431816370BD0000F00800243400002443
:10D3200030B5134900E011460A688242FBD34B68CE
:10D330005C18844203D140681844486008460D6870
:10D3400044682318AB420DD1094B183B1B689A4225
:10D3500006D05268224442600A681268026002E005
:10D36000036000E00260814200D0086030BD000030
:10D37000880000240748416B0968002905D0416BEB
:10D38000C968C9684968816270474FF0FF3181629E
:10D39000704700003400002409484068401C07D052
:10D3A000502080F31188BFF34F8FBFF36F8FFEE7DC
:10D3B000502080F31188BFF34F8FBFF36F8FFEE7CC
:10D3C000900000242DE9F0410546002600F0EAF91E
:10D3D000324F386808B9FFF7F3FE786905424DD13E
:10D3E0008DB1083568070ED005F00700C0F10800C0
:10D3F0000544680707D0502080F31188BFF34F8F92
:10D40000BFF36F8FFEE7CDB37868854236D82349E6
:10D4100018310846046801E0214604466068A842C5
:10D4200002D220680028F7D13868844226D00E68DE
:10D430000836206808606068411B10290ED9601901
:10D44000420707D0502080F31188BFF34F8FBFF3FE
:10D450006F8FFEE741606560FFF762FF6168786883
:10D46000401A7860BA68904200D2B8607869014387
:10D47000616000202060F868401CF86000F0DCFA71
:10D48000700707D0502080F31188BFF34F8FBFF390
:10D490006F8FFEE73046BDE8F08100007000002489
:10D4A00024384FF08073036221F00101C161044907
:10D4B000816142606FF0020140F82019704700005E
:10D4C00099D300081CB5114489B2FF228DF80020C1
:10D4D0008DF801208DF802208DF803208DF80420AE
:10D4E0008DF805208DF80620FE228DF807200823F0
:10D4F0006A46FFF72FFA1CBD90ED001AD1ED000A25
:10D50000B4EEE01AF1EE10FA0DDD30EE800A81ED96
:10D51000000AD0ED000AB4EEE00AF1EE10FA01DBE9
:10D52000C1ED000A7047FDD230EEC00A81ED000A5D
:10D53000D0ED000AB4EEE00AF1EE10FAF2D8C1ED37
:10D54000000A704770EEC00A01EE100A0120B8EE22
:10D55000C11A8840401E21EE201A00EE900AF8EE13
:10D56000E01AC1EE210A30EE800A70470169D0E965
:10D5700001329A60D0E901235A604A68824201D19F
:10D5800082684A60002202610868401E08600868DC
:10D59000704700F1080141604FF0FF328260C160C6
:10D5A000016100210160704700210161704730B5C1
:10D5B0000C68621C02D000F1080202E0026904E07B
:10D5C0001A4653681D68A542FAD953684B609960A2
:10D5D0008A60516008610168491C016030BD426881
:10D5E0004A6093688B609368596091600861016834
:10D5F000491C016070470000502080F31188BFF380
:10D600004F8FBFF36F8F0A494868401C486001285C
:10D610000CD10848006810F0FF0F07D0502080F3AD
:10D620001188BFF34F8FBFF36F8FFEE77047000085
:10D630009000002404ED00E009494868002806D065
:10D64000401E4860002801D180F3118870475020A7
:10D6500080F31188BFF34F8FBFF36F8FFEE7000099
:10D660009000002470B500282AD008380446154DD3
:10D6700060686969084207D1502080F31188BFF3C0
:10D680004F8FBFF36F8FFEE722683AB1502080F3CF
:10D690001188BFF34F8FBFF36F8FFEE78843606041
:10D6A00000F080F860686968084468602046FFF709
:10D6B00037FE2869401C2861BDE8704000F0BCB905
:10D6C00070BD0000700000244FF0E02000210161D7
:10D6D00081614FF47A7204490968B1FBF2F1491E85
:10D6E000416107210161704728000024024610B5FE
:10D6F0000020002A12D00F48006B38B1502080F370
:10D700001188BFF34F8FBFF36F8FFEE700F04AF829
:10D7100000211046FFF7B0FC00F08EF9002807D179
:10D7200005494FF080500860BFF34F8FBFF36F8FF4
:10D7300010BD00003400002404ED00E01CB51548C5
:10D7400000248022234614A1CDE90040144800F0B3
:10D75000DBF8012809D0401C1AD1502080F3118831
:10D76000BFF34F8FBFF36F8FFEE7502080F3118818
:10D77000BFF34F8FBFF36F8F06484FF0FF312C3848
:10D78000816201214161C460BDE81C4000F042B8E3
:10D790001CBD00006000002449444C45000000000E
:10D7A0000DD200080248016B491C0163704700005C
:10D7B00034000024154A106B002802D00120D061EB
:10D7C00070470020D0611069B0FA80F0C0F11F00EE
:10D7D0000F4900EB800051F8203073B101EB80005D
:10D7E00041684968416000F10803994201D14968E4
:10D7F00041604068C06810607047502080F3118815
:10D80000BFF34F8FBFF36F8FFEE70000340000249B
:10D81000F00800241CB537480168374A914207D107
:10D82000502080F31188BFF34F8FBFF36F8FFEE757
:10D8300000683149491E884207D1502080F3118881
:10D84000BFF34F8FBFF36F8FFEE72C49087801902D
:10D85000FF200870087800909DF800009DF80020D7
:10D8600000F0F000904207D0502080F31188BFF301
:10D870004F8FBFF36F8FFEE79DF80000204C00F044
:10D88000500020700720A06006E0A068401EA06045
:10D890009DF80000400000909DF800000006F4D4C0
:10D8A000A068032807D0502080F31188BFF34F8F62
:10D8B000BFF36F8FFEE74FF44070A06001980870CF
:10D8C0000C482030016841F470010160016841F0AA
:10D8D00070410160FFF7F8FE00206060F2F726FD5E
:10D8E0000848016841F040410160F2F70BFD00205B
:10D8F0001CBD000000ED00E071C20F4100E400E03B
:10D900009000002434EF00E02DE9FF5F81468A4655
:10D9100016469B46DDE90E78B000FFF753FD05463D
:10D9200028000AD05420FFF74DFD04460CB12563B2
:10D9300004E02846FFF796FE00E000248CB10020AA
:10D940005B46CDE9007832465146CDE90240484673
:10D95000FFF770FC2046FFF7C7FB012004B0BDE8CD
:10D96000F09F4FF0FF30F9E72DE9F0410026304FEE
:10D97000386B002805D0B869401CB8613046BDE856
:10D98000F081FD686D1CFD609DB9786B006838B151
:10D99000502080F31188BFF34F8FBFF36F8FFEE7E6
:10D9A000786BB96B7963B863386A401C3862FFF7EB
:10D9B000E1FCB86ADFF87C8085420DD3786B0068A3
:10D9C00038B1786BC068C4686068854212D2B862AA
:10D9D00002E04FF0FF30B8623868C06A00EB8000A8
:10D9E00058F82000012800D90126F8690028C5D080
:10D9F0000126C3E7201DFFF7B9FDA06A18B104F1A5
:10DA00001800FFF7B3FDE06A01213A698140114334
:10DA1000396100EB8000211D08EB8000FFF7DFFD7E
:10DA2000E06A3968C96A8842C8D30126C6E700009F
:10DA300034000024F00800242DE9F04100240027E0
:10DA40002D4D286B002807D0FFF7D6FD286B401E10
:10DA50002863286B40B14AE0502080F31188BFF35F
:10DA60004F8FBFF36F8FFEE7A868E8B3DFF88C80B5
:10DA700001261EE0D8F80C00C46804F11800FFF776
:10DA800075FD201DFFF772FDE06A2A6906FA00F1B4
:10DA900011432961194900EB8000B43901EB800082
:10DAA000211DFFF79CFDE06A2968C96A884200D3FE
:10DAB000EE61D8F800000028DCD10CB1FFF75AFC69
:10DAC000AC6944B1FFF750FF00B1EE61641E002C59
:10DAD000F8D10020A861E86930B10127084938076A
:10DAE0000860BFF34F8F00E001E0BFF36F8FFFF7D7
:10DAF000A3FD3846BDE8F08134000024A4090024C9
:10DB000004ED00E064DC0008B593000800000000AC
:10DB1000000000008000000038DC0008990D0008BB
:10DB200002000000000000000002000028DC0008E5
:10DB3000CF0A000802000000000000000002000000
:10DB400048DC0008C90A00080200000000000000CC
:10DB50000002000058DC00080D0800080100000069
:10DB6000000000000002000018DC00086BC2000882
:10DB700000000000000000008000000000061016F9
:10DB8000000610160001020304050607080C101415
:10DB900018203040000000000000000000000000DD
:10DBA0000000000000000000010000000200000072
:10DBB0000300000004000000000000000500000059
:10DBC000000000000000000000000000060000004F
:10DBD000000000000000000000000000070000003E
:10DBE000010002000400060008000A000C001000FA
:10DBF0002000400080000001010101030701000036
:10DC000008040204080101010000000001020304ED
:10DC10000102030406070809564255535F4348456D
:10DC2000434B5F5441534B00434841535349534C7A
:10DC30005F5441534B0000004348415353495352F2
:10DC40005F5441534B000000434F4E4E4543545FD9
:10DC50005441534B00000000424F44595F5441531C
:10DC60004B00000064656661756C745461736B00F1
:10DC7000475F5249443D3078253032582C204D6F53
:10DC8000746F72203078253033583A2052656164C1
:10DC9000205249443D3078253032582C2056616C52
:10DCA00075653D3078253032582530325825303270
:10DCB00058253032580A0000D8DC00080000002443
:10DCC00048020000D4040008B8DD0008480200241F
:10DCD000E8B90000B8C40008011C320182102C9081
:10DCE000D00304291401601AAA0169800916980951
:10DCF0001EB825CDCC8C3F0B10B442380A4B7AC3EA
:10DD00001335AD1B0875041A81041AA9041AE50419
:10DD10001A05041A410441170403090412011402EC
:10DD200002021640830440571D02010203821405BB
:10DD30000F0C1C0107101721031A1A0313F1081BFB
:10DD400008EB041AE3041315094C08990A581481C6
:10DD50000182130A06293F2A40D11C0902435B11A4
:10DD60001DC0320904E91A020B130524161001051F
:10DD700024011809010424020205240670150582F5
:10DD800003081C10090491320A2E070501024007FE
:10DD90002A81071113B1A5140821A44C08A1A76476
:10DDA0001AB50C1369A31B08E104B9F419281AF970
:08DDB0001C1A75081AED084168
:04000005080002CD20
:00000001FF
