:020000040008F2
:040000000048500C58
:200004007622761F17E0CC1EFF005014961E1A2400011A200003761F17E61800FFFD18007D
:20001400FFFE761F17E0CC00F0FF1AA903009600761F17E61A0000021A000001761F17ECCB
:20002400CC00FFF0500A9600761AF6077700FF6900067622761F17E0CC1EFF005014961E7A
:1E0034001820FFFC1824FFFE761AFF690006190156C3FFFF0006190156C3FFFF0006D6
:20004400FE04E2030144E2030042E2AF0044E2AF0142E27C00417700770077007700E27AC9
:200054000000770077007700E710004077007700E2700000FE840006FE02E2030042E277A8
:20006400000077007700FE820006FE04E2030144E2030042E2AF0242E2740050770077004C
:2000740077007700E68800007700E68900007700E70000087700E7200010FE840006FE02AE
:20008400A8420216761F216707148AA9BE0006C46002BE018A427ECC021807148AA9BE000A
:2000940006C46002BE018A427ED4021A07148AA9BE0006C46002BE018A427EDCFE82000684
:2000A4000214761F216707148AA90201560100D402C71EA6021607148AA906A60FC46706AE
:2000B400BE00021607148AA9C2C4021407148AA90201560100E40218071483A9FF200BB79E
:2000C4000FC56706BE00021807148AA9C2C4021407148AA90201560100F4021A071483A91A
:2000D4008F01869FA8A90FC56706BE00021A07148AA9C2C40006FE06E2030042A046A84414
:2000E40076484D47E68C00008A46E21300D48A46E2C800D47700E20300C48A46E2AF01428D
:2000F400E2AF00C4E72000088A44E20300C4FE860006FE06E2030042A046A844E68C000018
:200104008A46E21300D48A46E2C800D47700E20300C48A46E2AF0142E2AF00C4E7200008CC
:200114008A44E20300C4FE860006FE0897469645A044A8429B00520061068A4492C4520173
:2001240061029B0197479247611292459B0052006104924661029B018A4297CC8A4292CC39
:20013400610428C4FFFF6F0356BF01C48A44924596C4FE880006FE08E2030144E20300422E
:20014400A048A846E6AF0000E20300C48A4806441EC4FE880006FE0AE2030146E2030044A0
:200154009649A848C444020C07488AA9C2C4C446020E07488AA9C2C4020C07488AA9020EDC
:200164000748E2AF00C48AA9E2AF01C476480044021007488AA9E20300C4021007488AA97B
:20017400834806C41EC59249520169338A48E801F110E80FCC18E2AF01C4E70000087700D6
:20018400E20300F48A48E2AF00F4E5A0AD1464088348C4F5020807488AA9C2C46F13834896
:20019400020A0748E2AF00F5E88FE0008AA9E20300C4020A07488AA9C4C4020807488AA995
:2001A400C2C4020807488AA9834806C41ED56F058A48834806C41ED58A48834806D41EE559
:2001B400FE8A0006FE0CA84A2BC40208074A8AA956BF01C48A4A02011ED4020019011E4CFB
:2001C4001E42064C1E440200C44CD500D4011901C2461E4802007648492E834AA8F58A4A4E
:2001D4009A109B00D5018AF4764849448A4A56BF01E4FE8C0006FE0A9647A046A8448A4642
:2001E400D50102008AF4764849998A469A10D5019B008AF47648494496495200600D5CADAA
:2001F4005DADDC880EA41E428A46DD875DA502018AF4764849A08A44924896C4FE8A00067D
:20020400FE0AA84892C4601756BF01C48A4802010FD4601192E4610F020019011E4A1E4248
:20021400C44A02001901C2441E468A48064A8AF4764849F5FE8A0006FE0CE2030146E203F1
:20022400004406441E4AE2AF0046E5A0AD14600BE2AF0044E5A0AD14FFE000A606461E4AE8
:20023400FFEF00A2E2AF004476484BEB5200600DE2AF004676484BEB52006007E2AF004439
:2002440076484BB052006107761F03A7063A1E4AFFEF008AE2AF0044E5A0AD14600DE2AFAF
:200254000046E591E27400087700770077007700E203004A6F78E2AF004676484BB052009C
:200264006114E2AF00449A00E5A0AD1463029A01E2AF00469B00E5A0AD1463029B0154A89B
:20027400616206461E4A6F5FE2AF0044E2AF014676480069E203004A9A00E5A0AD146002E0
:200284009A01964B5200602CE2AF004676484D47E2AF0146E6940001AD146522E2AF004665
:20029400E2AF0144E27400087700770077007700E6950000E2030048E88FC00076484D4709
:2002A400E2AF02489A00E3208148E84D0009E6950000E6940008AD1462029A01964B924B40
:2002B4006109E2AF0046E84000007700E203004A6F1AE2AF00469A00E5A0AD1463029A01DB
:2002C400E2AF00449B00E5A0AD1463029B0154A8610AE2AF004AE2AF0146E710004077009B
:2002D400E203004AE2AF004AFE8C0006FE04A044A842023407428AA9E590E20300C4023896
:2002E40007448AA9E801EE60E80E6668E20300C4023A07448AA9E805EE60E80E6668E2033A
:2002F40000C48A44E590E20300E4024507448AA92BC4024807448AA956BF01C4023E074439
:200304008AA9E20300C4024207448AA92BC4024307448AA92BC4024607448AA92BC402479C
:2003140007448AA92BC4028807428AA92BC4024207428AA9E20300C4025407428AA9E20347
:2003240000C4029707428AA92BC4FE840006B2BDFE16E2030248E2030146E2030044A04C76
:20033400A84A023807608AA9E2AF0144E2AF00C4E72000087700E2030052E801C7B8E2AF02
:200344000152E80F9768E6940001AD146512023807608AA9E801C7B8E80F9768021EE2AFBA
:2003540001C4075EE71000408AA9E20300C46F1FE805C7B8E80F9768E6940001AD146312AB
:20036400023807608AA9E801C7B8E80F9768021EE2AF01C4075EE72000088AA9E20300C481
:200374006F06C444021E075E8AA9C2C4021E075E8AA9C4C4023807608AA9C2C4023A076071
:200384008AA9E2AF0144E2AF00C4E72000087700E2030052E801C7B8E2AF0152E80F9768FC
:20039400E6940001AD146512023A07608AA9E801C7B8E80F97680220E2AF01C4075EE7108E
:2003A40000408AA9E20300C46F1FE805C7B8E80F9768E6940001AD146312023A07608AA9A6
:2003B400E801C7B8E80F97680220E2AF01C4075EE72000088AA9E20300C46F06C444022064
:2003C400075E8AA9C2C40220075E8AA9C4C4023A07608AA9C2C4E2AF0044E5A0AD14640AD4
:2003D400021E075E8AA9C4C40222075E8AA9C2C46F090220075E8AA9C4C40222075E8AA911
:2003E400C2C40222075E8AA9835C06C41EC50224075E8AA9E590E20300C4834C88C5028BA6
:2003F400075E8AA97EC4834A028C075E8AA988C57EC4028B075E8AA9BE0092C46107028C5E
:20040400075E8AA992C46102BE01028D075E8AA97EC4834C88C5028E075E8AA97EC4024493
:2004140007608AA988C4028F075E8AA97EC4024307608AA91BC40FFF670A024307608AA95B
:200424005DC4024307608AA9DD017DC4024607608AA992C4FFE000A0024607608AA956BFEB
:2004340001C4024707608AA956BF02C40288075E8AA956BF01C4FFEF009B028E075E8AA978
:2004440092C4600D024707608AA956BF02C40288075E8AA956BF01C4FFEF008A02430760F7
:200454008AA91BC403E86810024307608AA92BC4024707608AA956BF03C40288075E8AA964
:2004640056BF03C46F740288075E8AA956BF02C46F6E028E075E8AA992C461100243076044
:200474008AA92BC4024707608AA956BF01C40288075E8AA956BF02C46F5A0288075E8AA9A1
:2004840056BF01C46F54024307608AA9BE001BC40BB86807028F075E8AA992C46102BE016C
:200494007E559255610C024707608AA956BF04C40288075E8AA956BF04C46F39028E075EC5
:2004A4008AA992C4600C024707608AA956BF02C40288075E8AA956BF01C46F290288075E02
:2004B4008AA956BF03C46F23028E075E8AA992C4600C024707608AA956BF02C40288075EF0
:2004C4008AA956BF01C46F130288075E8AA956BF04C46F0D024707608AA992C45201FFE1A2
:2004D400FF6E52026197520361AF6FDF834A88C50290075E8AA97EC40290075E8AA992C496
:2004E400610A0222075E8AA9C4C40226075E8AA9C2C46F2A835CC4C50256075E8AA9C2C48C
:2004F4000256075E8AA9E2AF00C4E5A0AD14650B0258075E8AA9E801EE60E80E6668E2031B
:2005040000C46F0A0258075E8AA9E805EE60E80E6668E20300C40258075E8AA9C4C402265E
:20051400075E8AA9C2C40226075E8AA9E801F260E80E66680228E2AF01C4075EE7000040DE
:200524008AA9E20300C48360C4D5022A075E8AA9C2C4022A075E8AA9E801FA60E80E66684A
:20053400022CE2AF01C4075EE70000088AA9E20300C40228075E8AA9022C075EE2AF00C449
:200544008AA9022EE2AF01C4075EE71000408AA9E20300C4022E075E8AA9E2AF0046023095
:20055400E2AF01C4075EE72000088AA9E20300C40230075E8AA90232075EE2AF00C4E850F1
:2005640020008AA9E20300C4028D075E8AA9BE009A0093C4530061029A0152006002BE01E1
:200574000291075E8AA97EC40234075E8AA9E590E20300C40291075E8AA992C460060245E0
:2005840007608AA992C461048A60E20300E48360C4E50236075E8AA9C2C40232075E8AA9A1
:200594000236E2AF00C4075E8AA90238E2AF01C4075EE71000408AA9E20300C40238075E7B
:2005A4008AA9E2AF00C4E811FC00AD14650E0238075E8AA9023AE2AF00C4075EE8AFE00047
:2005B4008AA9E20300C46F1D0238075E8AA9E2AF00C4E815FC00AD146408023A075E8AA99E
:2005C400E590E20300C46F0D0238075E8AA9023AE2AF00C4075EE88FE0008AA9E20300C482
:2005D400023A075E8AA9BE00E2AF00C4E5A0AD146102BE010292075E8AA97EC4023A075EA9
:2005E4008AA9BE00E2AF00C4E5A0AD146502BE010293075E8AA97EC40293075E8AA992C453
:2005F40061070289075E8AA956BF01C46F060289075E8AA928C4FFFF0230075E8AA9E8014D
:20060400CA88E80DB8B8023CE2AF01C4075EE70000408AA9E20300C4023C075E8AA9BE008F
:20061400E2AF00C4E5A0AD146502BE010294075E8AA97EC40294075E8AA992C46107028A1D
:20062400075E8AA956BF01C46F06028A075E8AA928C4FFFF028A075E8AA9028988C4075E61
:200634008AA9B60092A654C46002B6010295075E8AA97FC40292075E8AA9BE0092C461073A
:200644000295075E8AA992C46102BE010296075E8AA97EC40296075E8AA992C46108023E4E
:20065400075E8AA9E590E20300C46F09023C075E8AA9C4C4023E075E8AA9C2C40238075EFD
:200664008AA906C41E52E2AF0052E811FC00AD1465090240075E8AA9E801FC00E20300C49A
:200674006F12E815FC00AD1463090240075E8AA9E805FC00E20300C46F06C4520240075E21
:200684008AA9C2C48A5EE801D8D0E80FBEA0E20300C4FFEF03130242075E8AA9E590E203EC
:2006940000C40254075E8AA9E20300C40297075E8AA92BC4FFEF03150242075E8AA9E59074
:2006A400E20300C40254075E8AA9E801F800E20300C40297075E8AA92BC4FFEF03020208F8
:2006B40007608AA9C4C4025A075E8AA9C2C4025A075E8AA9E2AF0148025CE2AF00C4075EA4
:2006C400E72000088AA9E20300C4020A07608AA9C4C4025E075E8AA9C2C4025C075E8AA989
:2006D400025E075EE2AF00C48AA90260E2AF01C4075EE72000088AA9E20300C40260075EEA
:2006E4008AA90262075EE2AF00C48AA9E6950000E20300C40226075E8AA906C41E4EE8016F
:2006F400D8D0E80FBEA0E2AF014EE6940001AD146307E2AF004E76484BC852006105284E85
:20070400F7D4284D3B1A8A5E064E1ED48A5E835EE2AF00D4E6950000E20300E50264075ED4
:200714008AA9E2AF0046E6950000E20300C40262075E8AA9BE00E2AF00C4E5A0AD146102DF
:20072400BE010298075E8AA97EC4835E0264075E8AA9E2AF00E5E2AF01C4E72000088A5EE0
:20073400E20300F48A5EBE00E2AF00F4E5A0AD146502BE010299075E8AA97EC40298075EC1
:200744008AA9BE0092C461070299075E8AA992C46102BE01029A075E8AA97EC4029B075EC3
:200754008AA956BF01C4029A075E8AA988C40297075E8AA97EC40226075E8AA90266E2AFCC
:2007640000C4075E8AA9E6950000E20300C4020C07608AA9C4C40268075E8AA9C2C4020833
:20077400075E8AA9E801F550E80D5558E20300C4020A075E8AA9E801E208E80DAE48E2030D
:2007840000C40266075E8AA9E801E208E80DAE48020CE2AF01C4075EE72000088AA9E203E3
:2007940000C4020C075E8AA9E2AF00C4E5A0AD14650A0266075E8AA9C4C4020E075E8AA9A1
:2007A400C2C46F07020E075E8AA9E590E20300C4020E075E8AA90210E2AF00C4075EE850C7
:2007B40048008AA9E20300C4E801E2090210075E8AA9E80DAE4902A0075EE2AF00C48AA908
:2007C4009A027648014F02A4075E8AA90212E2AF00C4075EE88FE0008AA9E20300C4021218
:2007D400075E8AA9026A075EE2AF00C4E84FC0008AA9E20300C4026A075E8AA9E801F55042
:2007E400E80D5558026CE2AF01C4075EE70000088AA9E20300C4026AE801F550075E8AA92D
:2007F400E80D5558026E075EE2AF01C4E70000408AA9E20300C4026C075E8AA90268075E40
:20080400E2AF00C48AA9BE00E2AF01C4E6940001AD146502BE01029C075E8AA97EC4029CC0
:20081400075E8AA992C4610A026C075E8AA9C4C40270075E8AA9C2C46F2B0268075E8AA9B1
:20082400BE00E2AF00C4E5A0AD146302BE01029F075E8AA97EC4029F075E8AA992C46108C4
:200834000284075E8AA9E590E20300C46F090268075E8AA9C4C40284075E8AA9C2C402843C
:20084400075E8AA9C4C40270075E8AA9C2C40270075E8AA9026AE2AF00C4075E8AA902542B
:20085400E2AF01C4075EE72000088AA9E20300C4020E07608AA9C4C40272075E8AA9C2C41A
:200864000214075E8AA9E801F550E80D5558E20300C40216835EE8021460E80FBBB8075E27
:20087400E2AF01D5E70000088AA9E20300C40274075E8AA9E590E20300C4025A075E8AA912
:20088400E2AF00C4E5A0AD14620E025A075E8AA90276E2AF00C4075EE88FE0008AA9E203B4
:2008940000C46F09025A075E8AA9C4C40276075E8AA9C2C40276075E8AA90278E2AF00C417
:2008A400075EE85028008AA9E20300C40278075E8AA9E2AF00C476484D47027A075E8AA9C6
:2008B400E20300C4027A075E8AA90278075EE2AF00C48AA9027CE2AF01C4075EE7200008B8
:2008C4008AA9E20300C4027C075E8AA9E801FC01E2AF00C4764802200242075E8AA9E20346
:2008D40000C40216075E8AA9E801F550E80D5558027EE2AF01C4075EE70000408AA9E20346
:2008E40000C40216075E8AA90272075EE2AF00C48AA9BE00E2AF01C4E6940001AD14650268
:2008F400BE01029D075E8AA97EC4029D075E8AA992C4610A0216075E8AA9C4C40280075E95
:200904008AA9C2C46F3F0216075E8AA90218E2AF00C4075E8AA9E6AF0000E20300C402185D
:20091400075E8AA90272075EE2AF00C48AA9BE00E2AF01C4E6940001AD146302BE01029EB6
:20092400075E8AA97EC4029E075E8AA992C4610A0218075E8AA9C4C40282075E8AA9C2C404
:200934006F090272075E8AA9C4C40282075E8AA9C2C40282075E8AA9C4C40280075E8AA937
:20094400C2C40208076083A90280075E8AA9E801D418E8089378E2AF01C4E7000009E2AFAF
:2009540003C5E71000C87700E20300C5025C075E8AA9C4C4020A07608AA9C2C4020C0760BC
:2009640083A9026E075E8AA9E801D418E8089378E2AF01C4E7000009E2AF02C5E710008852
:200974007700E20300C5020E076083A9027E075E8AA9E801D418E8089378E2AF01C4E7007A
:200984000009E2AF03C5E71000C87700E20300C56F270242075E8AA9E590E20300C402403F
:20099400075E8AA9C4C40254075E8AA9C2C40297075E8AA92BC46F140288075E8AA988C49E
:2009A40002010FA6FFE1FCE902020FA6FFE1FCF602030FA6FFE1FD0502040FA661DB02484E
:2009B40007608AA992C4610D0242075E8AA9C4C4023C07608AA9C2C4024807608AA92BC430
:2009C400023E07608AA906C41E52023C07608AA906C41E540242075E8AA9E2AF0054E2AF99
:2009D40001C4E72000087700E2030054E8020249E2AF0254E8087ED9E7100089E802064864
:2009E400E8087ED8E27400087700770077007700E203005076484D47E2030050E80206487F
:2009F400E2AF0150E8087ED8E7000008E2AF0354E72000187700E2030050E8060248E2AF50
:200A04000150E8087ED8E6940001AD14600AE2AF0054E5A0AD14650528500FDB284F40499E
:200A1400E2AF0054E2AF0150E72000087700E2030054E6950000E811F800AD14650AE2AF0F
:200A24000052E2AF0154E71000407700E20300520242075E8AA906C41E540242075E8AA9A1
:200A3400E2AF01520244E2AF00C4075EE71000408AA9E20300C4C454023C07608AA9C2C435
:200A4400C452023E07608AA9C2C40244075E8AA9021AE2AF00C4E853E000075EE68A0000DD
:200A54008AA9E20300C4024207608AA92901560301C407608AA9D110C49C021C075E8AA9EF
:200A6400C2C4021C075E1EA6021A075E8AA906C48AA603C41EA70286075E8AA9C3C402863C
:200A7400075E8AA90246075EE28800C48AA9E20300C40246E80179A8075E8AA9E80CD36002
:200A84000248075EE2AF01C4E70000088AA9E20300C40248E801D418075E8AA9E8089378D0
:200A9400024A075EE2AF01C4E70000408AA9E20300C48360024C075E8AA9C4F5C2C4024CE2
:200AA400E801FBF8075E8AA9E80DF3B8024E075EE2AF01C4E70000088AA9E20300C4024AFC
:200AB400075E8AA9024E075EE2AF00C48AA90250075EE2AF01C4E71000408AA9E20300C42D
:200AC4000250E801F260075E8AA9E80E66680252075EE2AF01C4E70000088AA9E20300C44F
:200AD4000297075E8AA988C4024407608AA97EC4022E075E8AA9836006C41ED58360023ED8
:200AE400075E8AA9E2AF00E5E2AF01C4E71000407700E20300E50291075E8AA988C4024558
:200AF40007608AA97EC4021A075E8AA902420760C4C48AA9560301C407608AA9D110C29CF5
:200B0400024207608AA992C452136706024207608AA90AC46F05024207608AA92BC402508C
:200B1400075E8AA9836006C41EF5FE968BBE0006FE02764800A4761F0383020A0F2C650855
:200B2400062C6406E801F260E80E66686F02E590761F0387E20300000213761F03830F2CC1
:200B3400620402001E2C6F0402015601002C761F0387E801EE60E2AF0100E80E6668E72043
:200B440000087700E20300020602761F03821E14761F21678A140201560100D48A1406D476
:200B540060040201560100E48A149A00BE0093F4530061029A0152006002BE017E41831448
:200B6400290156030141C4D507148AA9D008C294831456030141C4E507148AA9D00CC2943C
:200B7400924161039A016F029A008A1496F4FE820006FE08761F0384922B761F03A2963CEB
:200B84006149761F0382E801C970E2AF0116E80E19F0E71000407700E203004876484BC818
:200B940052006007E2AF004876484B9852006108761F03A70634761F03821E166F27E2AF65
:200BA4000048E5A0AD146007E590761F0382E20300166F1CE801FC0176480069761F038200
:200BB400E2030016E5A0AD146005E590E20300166F0DE2AF0048E5A0AD146308E2AF00165E
:200BC400E88FE0007700E20300160616761F039C1E043B01761F03848F00E0CE56030111D6
:200BD400560100A4761F039B06C41E36761F0384921296138F00E0D256030113560100A4A3
:200BE400761F039B06C41E38761F0384921496158F00E0D656030115560100A4761F039B4F
:200BF40006C41E3A7680E0EA8F40E8F6C2428F00E134E2AF0036E2AF0138E2AF023AA04468
:200C0400A8468F40E12C8F00E12D7648032B761F03849B009216520060029B01761F03A492
:200C1400560301A83B01C41A8F00E0DA560301A9560100A4C2C4761F03849B009216520026
:200C240060029B01761F03A5560301A88F00E0DAC40A9C01560301A9560100A4C2C4761FA6
:200C340003849B009216520060029B0197169217BE006002BE0106A6761F03A4C4388F00DE
:200C4400E0E2FF30560100A4C2C4761F03849B009217520060029B0197179218BE006002F6
:200C5400BE0106A6761F03A5C4088F00E0E6FF30560100A4C2C4761F03849B009218520054
:200C640060029B019718761F03A5923E761F03849619FE880006761F03A256BF013D923D03
:200C7400761F0384962B0006761F01FC1A0E00040006FE02020276484B70761F21678A1481
:200C8400F61B2B84D500FF2008188F00E1C07648501B2B4192415210630F3B01E590560306
:200C940001418F00E252560100A4E20300C40A419241521064F52B4192415210630F3B016F
:200CA400E590560301418F00E272560100A4E20300C40A419241521064F52B41924152101F
:200CB400630F3B01E590560301418F00E292560100A4E20300C40A419241521064F52B4176
:200CC40092415210630F3B01E590560301418F00E2BA560100A4E20300C40A4192415210CE
:200CD40064F52B4192415210630F3B01E590560301418F00E2E2560100A4E20300C40A4106
:200CE4009241521064F52B4192415210630F3B01E590560301418F00E302560100A4E203AF
:200CF40000C40A419241521064F52B4192415210630F3B01E590560301418F00E3225601F9
:200D040000A4E20300C40A419241521064F52B4192415210630F3B01E590560301418F00BB
:200D1400E342560100A4E20300C40A419241521064F52B4192415208630F3B01E590560308
:200D240001418F00E362560100A4E20300C40A419241520864F52B4192415208630F3B01DD
:200D3400E590560301418F00E382560100A4E20300C40A419241520864F52B419241521085
:200D4400630F3B01E590560301418F00E392560100A4E20300C40A419241521064F52B41E4
:200D540092415210630F3B01E590560301418F00E3B2560100A4E20300C40A419241521044
:200D640064F52B4192415210630F3B01E590560301418F00E3D2560100A4E20300C40A4184
:200D74009241521064F52B419241520F630F3B01E590560301418F00E7A4560100A4E20379
:200D840000C40A419241520F64F5E590761F0387E2030000E2030002E2030004E20300067F
:200D9400E2030008E203000AE203000CE203000EE2030010E2030012E2030014E20300169F
:200DA400E2030018E203001AE203001CE203001EE2030020E2030022E2030024E20300260F
:200DB400E2030028E203002AE203002CE203002EE2030030E2030032E2030034E20300367F
:200DC400E2030038E203003AE203003CE203003E761F0388E2030000E2030002E2030004BA
:200DD400E2030006E2030008E203000AE203000CE203000EE2030010E2030012E20300146F
:200DE400E2030016E2030018E203001AE203001CE203001EE2030020E2030022E2030024DF
:200DF400E2030026E2030028E203002AE203002CE203002EE2030030E2030032E20300344F
:200E0400E2030036E2030038E203003AE203003CE203003E761F0389E2030000E203000246
:200E1400E2030004E2030006E2030008E203000AE203000CE203000EE2030010761F038A13
:200E2400E2030032E2030034E2030036E2030038761F038BE203001AE203001CE203001E20
:200E3400E2030020761F038DE2030032E2030034E2030036E2030038E203003AE203003CCC
:200E4400E203003E761F038EE2030000761F038FE2030032E2030034E2030036E2030038D1
:200E5400E203003AE203003CE203003E761F0390E2030000E2030002E2030004E203000653
:200E6400E2030008E203000AE203000CE203000EE2030010E2030012E2030014E2030016CE
:200E7400E2030018E203001AE203001CE203001EE2030020E2030022E2030024E20300263E
:200E8400E2030028E203002AE203002CE203002EE2030030E2030032E2030034E2030036AE
:200E9400E2030038E203003AE203003CE203003E761F0391E2030000E2030002E2030004E0
:200EA400E2030006E2030008E203000AE203000CE203000EE2030010E2030012E20300149E
:200EB400E2030016E2030018E203001AE203001CE203001EE2030020E2030022E20300240E
:200EC400E2030026E2030028E203002AE203002CE203002EE2030030E2030032E20300347E
:200ED400E2030036E2030038E203003AE203003CE203003E761F0392E2030000E20300026D
:200EE400E2030004E2030006E2030008E203000AE203000CE203000EE2030010E20300126E
:200EF400E2030014E2030016E2030018E203001AE203001CE203001EE2030020E2030022DE
:200F0400E2030024E2030026E2030028E203002AE203002CE203002EE2030030E20300324D
:200F1400E2030034E2030036E2030038E203003AE203003CE203003E761F0393E2030000F9
:200F2400E2030002E2030004E2030006E2030008E203000AE203000CE203000EE20300103D
:200F3400E2030012E2030014E2030016E2030018E203001AE203001CE203001EE2030020AD
:200F4400E2030022E2030024E2030026E2030028E203002AE203002CE203002EE20300301D
:200F5400E2030032E2030034E2030036E2030038E203003AE203003CE203003E761F039486
:200F6400E2030000E2030002E2030004E2030006E2030008E203000AE203000CE203000E0D
:200F7400E2030010E2030012E2030014E2030016E2030018E203001AE203001CE203001E7D
:200F8400E2030020E2030022E2030024E2030026E2030028E203002AE203002CE203002EED
:200F9400E2030030E2030032E2030034E2030036E2030038E203003AE203003CE203003E5D
:200FA400761F0395E2030000E2030002E2030004E2030006E2030008E203000AE203000C93
:200FB400E203000EE2030010E2030012E2030014E2030016E2030018E203001AE203001C4D
:200FC400E203001EE2030020E2030022E2030024E2030026E2030028E203002AE203002CBD
:200FD400E203002EE2030030E2030032E2030034E2030036E2030038E203003AE203003C2D
:200FE400E203003E761F0396E2030000E2030002E2030004E2030006E2030008E203000A20
:200FF400E203000CE203000EE2030010E2030012E2030014E2030016E2030018E203001A1D
:20100400E203001CE203001EE2030020E2030022E2030024E2030026E2030028E203002A8C
:20101400E203002CE203002EE2030030E2030032E2030034E2030036E2030038E203003AFC
:20102400E203003CE203003E761F0397E2030000E2030002E2030004E2030006E2030008AC
:20103400E203000AE203000CE203000EE2030010E2030012E2030014E2030016E2030018EC
:20104400E203001AE203001CE203001EE2030020E2030022E2030024E2030026E20300285C
:20105400E203002AE203002CE203002EE2030030E2030032E2030034E2030036E2030038CC
:20106400E203003AE203003CE203003E761F0398E2030000E2030002E2030004E203000639
:20107400E2030008E203000AE203000CE203000EE2030010E2030012E2030014E2030016BC
:20108400E2030018E203001AE203001CE203001EE2030020E2030022E2030024E20300262C
:20109400E2030028E203002AE203002CE203002EE2030030E2030032E2030034E20300369C
:2010A400E2030038E203003AE203003CE203003E761F0399E2030000E2030002E2030004C6
:2010B400E2030006E2030008E203000AE203000CE203000EE2030010E2030012E20300148C
:2010C400E2030016E2030018E203001AE203001CE203001EE2030020E2030022E2030024FC
:2010D400E2030026E2030028E203002AE203002CE203002EE2030030E2030032E20300346C
:2010E400E2030036E2030038E203003AE203003CE203003E761F039AE2030000E203000253
:2010F400E2030004E2030006E2030008E203000AE203000CE203000EE2030010E20300125C
:20110400E2030014E2030016E2030018E203001AE203001CE203001EE2030020E2030022CB
:20111400E2030024E2030026E2030028E203002AE203002CE203002EE2030030761F039B1F
:20112400E2030036E2030038E203003AE203003CE203003E761F039CE2030000E203000210
:20113400E2030004E2030006E2030008E203000AE203000CE203000EE2030010E20300121B
:20114400E2030014E2030016E2030018E203001AE203001CE203001EE2030020E20300228B
:20115400E2030024E2030026E2030028E203002AE203002CE203002EE2030030E2030032FB
:20116400E2030034E2030036E2030038E203003AE203003CE203003E761F039DE20300009D
:20117400E2030002E2030004E2030006E2030008E203000AE203000CE203000EE2030010EB
:20118400E2030012E2030014E2030016E2030018E203001AE203001CE203001EE20300205B
:20119400E2030022E2030024E2030026E2030028E203002AE203002CE203002EE2030030CB
:2011A400E2030032E2030034E2030036E2030038E203003AE203003CE203003E761F039E2A
:2011B400E2030000E2030002E2030004E2030006E2030008E203000AE203000CE203000EBB
:2011C400E2030010E2030012E2030014E2030016E2030018E203001AE203001CE203001E2B
:2011D400E2030020E2030022761F039FE2030002E2030004E2030006E2030008E203000A21
:2011E400E203000CE203000EE2030010E2030012E2030014E2030016E2030018E203001A2B
:2011F400E203001CE203001EE2030020E2030022E2030024E2030026E2030028E203002A9B
:20120400E203002CE203002EE2030030E2030032E2030034E2030036E2030038E203003A0A
:20121400E203003CE203003E761F03A0E2030000E2030002E2030004E2030006E2030008B1
:20122400E203000AE203000CE203000EE2030010E2030012E2030014E2030016E2030018FA
:20123400E203001AE203001CE203001EE2030020E2030022E2030024E2030026E20300286A
:20124400E203002AE203002CE203002EE2030030E2030032E2030034E2030036E2030038DA
:20125400E203003AE203003CE203003E761F03A1E2030000E2030002E2030004E20300063E
:20126400E2030008E203000AE203000CE203000EE2030010E2030012E2030014E2030016CA
:20127400E2030018E203001AE203001CE203001EE2030020E2030022E2030024E20300263A
:20128400E2030028E203002AE203002CE203002EE2030030E2030032E2030034E2030036AA
:20129400E2030038E203003AE203003CE203003E761F03A3E2030036E2030038E203003A28
:2012A400E203003CE203003E761F03A4E2030000E2030002E2030004E2030006E20300081D
:2012B400E203000AE203000CE203000EE2030014E2030016E2030018E203001AE203001C56
:2012C400E203001EE2030020E2030022E2030024E2030026E2030028E203002AE203002CBA
:2012D400E203002EE2030030E2030032E2030034E2030036E2030038E203003AE203003C2A
:2012E400E203003E761F03A5E2030000E2030002E2030004E2030006E2030008E203000A0E
:2012F400E203000CE203000EE2030010E2030012E2030014E2030016E2030018E203001A1A
:20130400E203001CE203001EE2030020E2030022E2030024E2030026E2030028E203002A89
:20131400E203002CE203002EE2030030E2030032E2030034E2030036E2030038E203003AF9
:20132400761F03A6E2030016E2030018E203001AE203001CE203001EE2030020E203002264
:20133400E2030024E2030026E203002AE203002EE2030034E2030036E2030038E203003AF3
:20134400E203003CE203003E761F03A7E2030000E2030002E2030004E2030008E203000C73
:20135400E2030010E2030014FF2001528F00E040D5007648501BE590761F0381E2030000F9
:20136400E2030002E2030004E2030006E2030008E203000AE203000CE203000EE2030010F9
:20137400E2030012E2030014E2030016E2030018E203001AE203001CE203001EE203002069
:20138400E2030022E2030024E2030026E2030028E203002AE203002CE203002EE2030030D9
:20139400E2030032E2030034E2030036E2030038E203003AE203003CE203003E761F038254
:2013A400E2030000E2030002E2030004E2030006E2030008E203000AE203000CE203000EC9
:2013B400E2030010E2030012E2030014E2030016E2030018E203001AE203001CE203001E39
:2013C400E2030020E2030022E2030024E2030026E2030028E203002AE203002CE203002EA9
:2013D400E2030030E2030032E2030034E2030036E2030038E203003AE203003CE203003E19
:2013E400761F0383E2030000E2030002E2030004E2030006E2030008E203000AE203000C61
:2013F400E203000EE2030010E2030012E2030014E2030016E2030018E203001AE203001C09
:20140400E203001EE2030020E2030022E2030024E2030026E2030028E203002A761F03846D
:20141400E2030034E2030036E2030038E203003AE203003CE203003E761F0385E203000002
:20142400E2030002E203002CE203002EE2030030E2030032761F0382E8020500E20300146F
:20143400761F0383E801EE60E80E6668E203002A761F0384281A08F7281B08EE56BF051CA7
:201444000205761F03831E3C761F038056BF031656BF031756BF031856BF031956BF031A04
:2014540056BF031256BF031356BF031456BF031556BF030D56BF030E56BF030F56BF031030
:2014640056BF030956BF030A56BF030B56BF030C56BF030556BF030656BF030756BF030864
:2014740056BF030256BF030356BF030456BF011156BF011BE590761F0382E2030016761F90
:2014840003830200190A1E2C761F21678A142901560301F407148AA9D008C4940210071475
:201494008AA9C2C48A14560301F407148AA9D00CC494021207148AA9C2C4761F03842823C2
:2014A400FFFF761F03809200600776484A99761F038056BF010076484A5C761F038092013B
:2014B400600776484A7C761F038056BF010176484A367622761F01F3060818A8FCFF1E08B0
:2014C400060A1AA810001E0A761A761F0100CC00C0005012960018013FFF761F010128231B
:2014D4001388062091001E20761F01002B041808C3A01809C3A0761F0101282B09C5282D8F
:2014E40009C5282F7D0028317D0056BF9000280209061807FF3F1809FFF0761F0100CC0CB7
:2014F4007000500B960C761F0101CC11C000500F9611CC13C000500F9613761F010292243C
:2015040090801AA91A019624CC26FFCF50309626CC30F0F01AA901019630CC2EFFF0500182
:20151400962E761F01001814F8007622761F01022B00CC04F0001AA90FFF9604180DFF810E
:20152400761F0103CC03FCF0500496031804FCF09A001AA9101093009600761F0102180206
:20153400F000761F0103CC07FFC0501096072B092B0B1808FFFE761F01001820FF5F18387C
:20154400FFF01838FF0F1838F0FF18380FFF1839FFF0182DFF8D761A761F0104CC00C000D6
:201554001AA92006960018013FFF761F010528231388062091001E20761F01042B04180842
:20156400C3A01809C3A0761F0105282B09C5282D09C5282F7D0028317D0056BF9000280228
:2015740009061807FF3F1809FFF0761F0104CC0C7000500B960C761F0105CC11C000500F65
:201584009611CC13C000500F9613761F0106922490801AA912019624CC26FFCF503096260B
:20159400CC30F0F01AA901019630CC2EFFF05001962E761F01041814F8007622761F0106E0
:2015A4002B00CC04F0001AA90FFF9604180DFF81761F0107CC03FCF0500496031804FCF0DF
:2015B4009A001AA9101093009600761F01061802F000761F0107CC07FFC0501096072B096B
:2015C4002B0B1808FFFE761F01041820FF5FCC38FFF050019638CC38FF0F50109638CC382E
:2015D400F0FF1AA901009638CC380FFF1AA910009638CC39FFF050019639182DFF8D761A4E
:2015E400761F0108CC00C0001AA92006960018013FFF761F010928231388062091001E206D
:2015F400761F01082B041808C3A01809C3A0761F0109282B09C5282D09C5282F7D002831F3
:201604007D0056BF9000280209061807FF3F1809FFF0761F0108CC0C7000500B960C761F86
:201614000109CC11C000500F9611CC13C000500F9613761F010A922490801AA9120196246C
:20162400CC26FFCF50309626CC30F0F01AA901019630CC2EFFF05001962E761F010818147B
:20163400F8007622761F010A2B00CC04F0001AA90FFF9604180DFF81761F010BCC03FCF00F
:20164400500496031804FCF09A001AA9101093009600761F010A1802F000761F010BCC07CD
:20165400FFC0501096072B092B0B1808FFFE761F01081820FF5FCC38FFF050029638CC38E8
:20166400FF0F50209638CC38F0FF1AA902009638CC380FFF1AA920009638CC39FFF050028B
:201674009639182DFF8D761A761F03842B2456BF01272B2556BF0128E590761F0381E2037D
:20168400000EE2030010E801EE60E80E6668E2030012E590E2030014761F0383E203000AD9
:20169400761F0381E2030020761F03842B26761F0381E203003CE203003E761F0382E2034F
:2016A4000000E2030002761F0381E2030034E2030036E2030038E203003AE2030028E203C4
:2016B400002AE203002EE2030030761F0394E2030002761F0382E2030004E2030006E203DE
:2016C4000008E203000A761F03842B1F761F0382E203001AE203001CE203000CE203000EAB
:2016D400E2030010E2030012761F0383E203000C761F03842B20761F0381E2030016761FEE
:2016E400039CE2030012761F0381E2030018761F039CE2030014E2030006E2030008020033
:2016F400761F003019011E12020019011E102B161814FFEF8F00E8F68F40E134FF697648AB
:2017040002DA7622761F01F1060618A9FFCF1E060204980A990B761A7622761F01F3060800
:2017140018A8FCFF1E08060A1AA810001E0A761A7622761F01F0060818A9CFFF1E08060A49
:2017240051401E0A761A8F00E188FF69764801B68F00E17E764801B6761F03809201600712
:2017340076484A7C761F038056BF0101764849FA761F03809200600776484A99761F038017
:2017440056BF010076484A1828A93A168F00E9A98F40E188764801DF28A950158F00E9A8E1
:201754008F40E17E764801DF761F03A256BF010D920D6106761F01FC1A1B10006F05761F66
:2017640001FC1A1D10001A0300406F0156BF01415211673D761F03A29610761F01D21A0D87
:201774000004F64B7700761F002C9222761F03A29611761F01D41A0D0004F64B7700761F61
:20178400002D9202761F03A2961292105208691B761F0384921D761F03A296139412961424
:20179400761F0384921E761F03A29615941196169214761F0384961D761F03A29216761F47
:2017A4000384961E0A419241521168C5761F03A2E2C401147700E8020800E2740008770009
:2017B400770077007700E68E00007700E213000E1B0E05DC69091B0E09C46706920E761FAE
:2017C4000384961A6F05761F0384281A08F7761F03A2E2C401167700E8020800E27400083F
:2017D4007700770077007700E68E00007700E213000F1B0F05DC69091B0F09C46706920FA8
:2017E400761F0384961B6F05761F0384281B08EE761F03A22B3E923E6107761F0384281A16
:2017F40008F7281B08EEFE82FF6900068F00E188764802048F00E17E7648020400069A2180
:201804008F08181D9B0076482B689A2176482B819A609B028F082AC676482B689A607648C0
:201814002B8100069A2176482DBA9A6076482DBA0006761BFFF00005ABBDA8BDA0BDC2BDCF
:20182400C3BDE20000BDE20300BDE20301BDE20302BDE20303BDE6300600FE18FF692942F2
:201834005616761F003392229643923296441822FFBD1832FFFEF6057700762FFEFE28219C
:201844000101762300012910761F03A892345201FFE01254761F03845603011696453B016E
:201854008F00E0DA56030145560100A4761F039B06C41E3C92459C018F00E0DA560301A97A
:20186400560100A406C41E3E761F03848F00E0E256030117560100A4761F039C06C41E004E
:20187400761F03848F00E0E656030118560100A4761F039C06C41E02761F03849219761FFC
:2018840003A2960C761F21678A142901560301F407148AA9D008C494021007148AA9C2C466
:201894008A14560301F407148AA9D00CC494021207148AA9C2C4761F0383062A761F039C5F
:2018A4001E0AE2AF000AE6950000E203000CE801EE609A00E80E6668E2AF010CE694000147
:2018B400AD1465029A01761F03A2961B9B00520061029B01761F03A397009200761F0384FA
:2018C400962DE801E480761F039CE2AF010AE80ACC88E70000087700E203000E761F03826B
:2018D400063E761F039C1E10761F03A356BF0101761F03849222761F03A3962F6107761F2F
:2018E400039C060E761F03A01E3C761F03A0E2AF003C761F039CE2AF0110E7100040761FF8
:2018F40003A0E2030036FF6976484D47E68C0000761F03A2E2130037E2C80037761F03A06B
:20190400E2030038E2AF0136E72000087700E203003A761F038456BF0122761F03810600C6
:20191400761F03871E04761F03810602761F03871E06761F03810604761F03871E08761F11
:2019240003810606761F03871E0A761F038456BF0223922C761F03A396169A00BE009316D0
:20193400530061029A0152006002BE017E17761F03809A009302BE00530160029A01761F4F
:2019440003A354176107761F0380920252036102BE017E5192516005761F03A39217610685
:20195400E590761F0383E203000A761F03A39217761F03809602761F0383060A761F039FFE
:201964001E1C761F03809A00BE009303530160029A01761F03A354176107761F0380920317
:2019740052036102BE017E5192516005761F03A392176108E590761F0381E2030016E2030A
:201984000018761F03A39217761F03809603E805D288761F039FE2AF011CE80DB8B8E7001E
:201994000008761F0391E203001AE6AF0000E203001C761F0387E8020AE8E2AF0106E80DE5
:2019A4009EB8E7000008761F0391E203001EE80224E0E2AF011EE80A0000E70000087700BC
:2019B400E2030020E2AF0120E2AF001CE70000087700E2030022E8020AE8761F0387E2AFB6
:2019C4000104E80D9EB8E7000008761F0391E2030024E80224E0E80A0000E2AF0124E70015
:2019D40000087700E2030026E87048007700E2030028E2AF0128E2AF0022E710004077002A
:2019E400E203002AE2AF0020E87048007700E203002CE2AF011AE2AF0026E7000008770032
:2019F400E203002EE2AF012EE2AF002CE71000407700E2030030E8020958E80B6DB8761F88
:201A04000387E2AF010AE7000008761F0391E2030032E87048007700E2030034761F03871E
:201A1400E8020958E2AF0108E80B6DB8E7000008761F0391E2030036761F039FE805D28804
:201A2400E2AF011CE80DB8B8E7000008761F0391E2030038E2AF0138E2AF0036E7000008DA
:201A34007700E203003AE2AF013AE2AF0034E71000407700E203003C761F039FE2AF011CB7
:201A4400E7000008761F0391E203003E761F0392E6AF0000E2030000761F0391E2AF0038B1
:201A5400761F0392E6AF0000E2030002761F0391E2AF0132E7000008761F0392E2030004DD
:201A6400761F0391E2AF0036E8704800761F0392E2030006E2AF0106E2AF0004E710004059
:201A74007700E2030008761F039FE2AF011CE7000008761F0392E203000A761F0391E2AF47
:201A84000038761F0392E6AF0000E203000C761F0391E80224E0E80A0000E2AF013CE7009C
:201A94000008761F0392E203000EE6AF0000E2030010E2AF0110E2AF000CE70000087700DE
:201AA400E2030012E80224E0E80A0000E2AF0108E70000087700E2030014E6AF0000E203D8
:201AB4000016E87048007700E2030018E2AF0118E2AF0012E71000407700E203001AE2AF5D
:201AC4000010E87048007700E203001CE2AF0016761F0391E2AF0138E7000008761F039227
:201AD400E203001EE2AF011EE2AF001CE71000407700E2030020761F0391E2AF0038761F58
:201AE4000392E6AF0000E2030022761F039FE2AF011C761F0391E2AF0036E7000008761F58
:201AF4000392E2030024E86F80007700E2030026E8061FD0E2030028761F0391E2AF003205
:201B0400E870FE80761F0392E203002AE2AF012AE2AF0026E71000407700E203002CE2AFEF
:201B1400012CE2AF0022E70000087700E203002E761F0391E2AF0036E870FE80761F039268
:201B2400E2030030761F039FE2AF011C761F0391E2AF0032E7000008761F0392E20300328B
:201B3400E6AF0000E2030034E86F80007700E2030036E2AF0136E2AF0030E7100040770043
:201B4400E2030038E87048007700E203003AE2AF013AE2AF002EE71000407700E203003CD4
:201B5400E2AF002CE87048007700E203003EE2AF0038761F0391E2AF0138E7000008761F3A
:201B64000393E2030000E2AF0100761F0392E2AF003EE7100040761F0393E2030002761F7D
:201B74000392E2AF0100E2AF001AE7200009E2AF003CE7200008761F0393E2030004761FEA
:201B84000392E2AF010AE2AF0020761F0393E7200009E2AF0002E72000087700E203000620
:201B9400E2AF0104761F0391E2AF002AE7200008761F0393E2030008E2AF0106761F0391CF
:201BA400E2AF0030E7200008761F0393E203000A761F038106161E48761F03911E16761FAA
:201BB4000393E801C288E80DB8B8E2AF0108E70000087700E203004A064A1E0CE2AF014A5E
:201BC400E2AF0048E71000407700E203004806481E10E801F8E8E2AF0148E80C4EC8E7003D
:201BD40000087700E2030014761F038106181E48761F03911E18761F0393E801C288E80D2A
:201BE400B8B8E2AF010AE70000087700E203004A064A1E0EE2AF014AE2AF0048E7100040D8
:201BF4007700E203004806481E12E801F8E8E2AF0148E80C4EC8E70000087700E2030016A1
:201C0400E2AF0014761F0392E2AF0108E7100040761F0393E2030018E2AF0016761F039128
:201C1400E2AF013CE7100040761F0393E203001AE801EC98E80E69D0E2AF0118E700004014
:201C24007700E203004806481E1CE801F998E80DC8F8E2AF0148E70000407700E2030048A0
:201C340006481E20761F0381061A1E4A761F03931E24E801F4C0E2AF014AE80C6E08E7002C
:201C440000407700E203004A064A1E28E2AF014AE2AF0048E71000407700E203002CE801A7
:201C5400EC98E80E69D0E2AF011AE70000407700E203004806481E1EE801F998E80DC8F88D
:201C6400E2AF0148E70000407700E203004806481E22761F0381061C1E4A761F03931E261B
:201C7400E801F4C0E80C6E08E2AF014AE70000407700E203004A064A1E2AE2AF014AE2AF9B
:201C84000048E71000407700E203002E062C1E489B01E801E518E80EB850E2AF0148E694CB
:201C94000001AD14630EE805E518E80EB850E6940001AD146505761F0384922F60029B0095
:201CA400761F0384972F922F761F03A39618761F0393062E1E48E801E518E2AF01489B0173
:201CB400E80EB850E6940001AD14630EE805E518E80EB850E6940001AD146505761F0384BB
:201CC400923060029B00761F038497309230761F03A396198F00E9B28F40E0119218764860
:201CD4000119761F03A69232650E761F03938F00E4F08F40E4F2E2AF002CE2AF012E7648F3
:201CE400013F6F0D761F03938F00E4F28F40E4F0E2AF002EE2AF012C7648013F761F03A33B
:201CF4000E17761F039B1E2492245201600DE590761F0394E2030036761F0393E2030034C0
:201D0400E20300366F07761F039306301E3406321E36E2AF0034E2AF0134E70000087700FE
:201D1400E2030038E2AF0136E2AF0036E70000087700E203003AE2AF013AE2AF0038E710F2
:201D240000407700E203003C9A00E5A0AD1461029A01761F03A3961A5200613276480060FB
:201D3400761F0397E2030010E801FC01E274000877007700761F0393E2AF0136E700000857
:201D4400761F0397E2030012761F0393E2AF0134761F0397E2AF0010E2740008770077004C
:201D540077007700E20300140614761F03931E3E761F03970612761F03941E006F09761F49
:201D6400039306341E3E0636761F03941E00761F03809A009305BE00530160029A01761FBF
:201D740003A354176107761F0380920552036102BE017E5192516005761F03A3921761064E
:201D8400E590761F0381E2030028761F03A39217761F03809605761F03810628761F03949A
:201D94001E38761F03809A00BE009306530160029A01761F03A354176107761F03809206C1
:201DA40052036102BE017E5192516005761F03A392176106E590761F0381E203002A761F14
:201DB40003A39217761F03809606761F0381062A761F03941E3AE801FB50761F0393E2AF4F
:201DC400013EE80E5818E7000040761F0394E203003C761F0381062C761F03941E3EE8012A
:201DD400ED48E2AF013EE80D3F30E7000008761F0395E2030000761F0394E2AF003C761FF7
:201DE4000395E2AF0100E71000407700E2030002E8024C38E8093368E2AF0102E7000008A3
:201DF4007700E2030004761F0394E2AF003A761F0395E2AF0104761F0394E7100009E2AFF8
:201E04000038E7200008761F0395E2030006E801E488E80ADCC8E2AF0106E7000008770076
:201E1400E20300089A00761F0380BE009307530160029A01761F03A354176107761F038040
:201E2400920752036102BE017E5192516005761F03A392176106E590761F0381E203002E8B
:201E3400761F03A39217761F03809607761F0381062E761F03951E0A761F03809A00BE00E3
:201E44009308530160029A01761F03A354176107761F0380920852036102BE017E519251A9
:201E54006005761F03A392176106E590761F0381E2030030761F03A39217761F0380960881
:201E6400761F03810630761F03951E0CE801FB50761F0394E2AF0100E80E5818E700004039
:201E7400761F0395E203000E761F03810632761F03951E10E801ED48E2AF0110E80D3F305E
:201E8400E70000087700E2030012E2AF0112E2AF000EE71000407700E2030014E8024C3889
:201E9400E8093368E2AF0114E70000087700E2030016E2AF0116E2AF000CE7100009E2AFC5
:201EA400000AE72000087700E2030018E801E488E80ADCC8E2AF0118E70000087700E203B1
:201EB400001A761F0394E2AF0100761F0395E2AF0008E70000087700E203001C761F0393DE
:201EC400E2AF013E761F0395E2AF001AE70000087700E203001EE2AF011CE7200008761F9B
:201ED4000394E2030002761F03950604761F03811E28761F03950608761F03811E2A761FA9
:201EE40003950602761F03811E2C761F03950616761F03811E2E761F0395061A761F0381C7
:201EF4001E30761F03950614761F03811E32761F0394E801DCC8E2AF0102E80D87D0E70050
:201F040000407700E2030004761F0381061E761F03941E06E801FBF0E2AF0106E80E64F0DA
:201F1400E70000087700E2030008E2AF0108E2AF0004E71000407700E203000A9A00BE0036
:201F2400761F03809304530160029A01761F03A354176107761F0380920452036102BE016A
:201F34007E5192516005761F03A392176106E590761F0381E2030020761F03A39217761F1F
:201F440003809604761F03810620761F03941E0C761F039F1E1EE2AF001E9A00E5A0AD14C9
:201F540063029A01761F03A3961B761F03A29631520061088F00E7E08F40E9AE764800DF6C
:201F64006F078F00E7E08F40E9AA764800FD761F039FE2AF0020E85112007700E2030022C3
:201F7400E68E0000761F03A2E21300320E3209011E4E761F039B1E263B018F0850285603A7
:201F8400014E560100A4761F039F06C41E24761F03A20E321E4E761F039B1E288F08502842
:201F94005603014E560100A4761F039F06C41E26761F03A20E3209C91E4E761F039B1E2A12
:201FA4008F0850285603014E560100A4761F039F06C41E28761F03A20E3209C81E4E761FD8
:201FB400039B1E2C8F0850285603014E560100A4761F039F06C41E2AE2AF0128E2AF002AB5
:201FC400E72000087700E203002C761F03A2E2C40032761F039FE203002EE2AF0122E7204F
:201FD40000087700E2030030E2AF0130E2AF002CE70000087700E2030032E2AF012AE710AA
:201FE40000407700E20300340634761F03941E0E761F0393E2AF003E761F0394E2AF010EB5
:201FF400E70000087700E2030010761F039FE2AF0124E2AF0026E72000087700E20300362D
:20200400E2AF0130E70000087700E2030038E2AF0126E71000407700E203003A063A761F1D
:2020140003941E12E2AF0112E2AF0000E70000087700E2030014E2AF0110E7200008770029
:20202400E2030016E850DE807700E2030018E2AF0016E85048007700E203001A761F03A3BF
:2020340092176005761F038492266106E590761F0381E2030022761F0381E2AF0022761F4D
:202044000394E2AF011AE71000407700E203001CE2AF011CE2AF0018E71000407700E203A0
:20205400001EE2AF011EE2AF000AE71000407700E2030020E801DCC8E2AF0120E80D87D0C5
:20206400E70000407700E2030022761F03810624761F03941E24E801FBF0E80E64F0E2AF57
:202074000124E70000087700E2030026E2AF0126E2AF0022E71000407700E2030028062862
:20208400761F039F1E3C761F0394E801B828E80C1220E2AF0120E70000087700E203002A69
:20209400761F03810626761F03941E2C761F03A356BF011C761F03849221761F03A3961D47
:2020A4006105761F0394062A1E34761F0394E2AF0034E2AF012CE71000407700E203002E98
:2020B40076484D47E68C0000761F03A2E2130036E2C80036761F0394E2030030E2AF012E02
:2020C400E72000087700E2030032761F038456BF0121761F03940632761F039C1E12761FAF
:2020D400039FE801CF60E2AF013CE80E30B8E7000008761F039CE2030014761F039F063CF1
:2020E400761F03831E0A761F03930614761F03811E16761F0393062C761F03811E1A761FC4
:2020F40003930616761F03811E18761F0393062E761F03811E1C761F0394060A761F0381C4
:202104001E1E761F03940632761F03811E20761F0394061C761F03811E22761F03A3921739
:20211400761F03849626761F03940628761F03811E24761F03940632761F03811E26761FC8
:202124002167E2AF0010761F039CE2AF0112E71000407700E203001606161E4CE811FC0076
:20213400AD146506E801FC00E20300186F09E5A0AD146305E590E20300186F021E18761FA9
:2021440003830600761F039C1E1AE2AF0014E2AF011AE72000087700E203001CE801FB8047
:20215400E2AF011CE80D1EB8E70000087700E203001EE2AF0114E71000407700E203002030
:20216400761F03A2920C5204670A761F039C06001E220602761F039E1E206F09761F039C1A
:2021740006181E220620761F039E1E20761F03A2921B6106761F039C06221E246F07761F5C
:2021840003A0063A761F039C1E24761F0384921A761F03A2961C761F0384921B761F03A22B
:20219400961D761F002D9200761F03A2961E761F002C9220761F03A2961F0E1E1E000E1F5D
:2021A4001E020600011C1E040602011D1E06E801D200E2880104E8086008E7000008770084
:2021B400E203004C064C761F039C1E26E8020720E2AF014CE80C9248E70000407700E203D0
:2021C400004C064C1E2AE801EDF8E2AF014CE8092C60E70000087700E203002E761F03A239
:2021D400E801D200E2880106E8086008E70000087700E203004C761F039C064C1E28E8021A
:2021E4000720E2AF014CE80C9248E70000407700E203004C064C1E2CE801EDF8E2AF014CF1
:2021F400E8092C60E70000087700E2030030E2AF0130E2AF002EE71000407700E71000406D
:20220400761F03A1E2030038E801F898E80E69D0E2AF0138E70000087700E203003A761FD8
:20221400039C062E761F03A11E3C063A1E3E063C761F03871E0C761F03A1063E761F038781
:202224001E0E761F03A256BF0320761F039C9A00E2AF0024E5A0AD1463029A01761F03A3F8
:202234009602761F03A29621520061088F00E7328F40E9CC764800DF6F078F00E7328F4090
:20224400E9C8764800FD761F039CE2AF0032E85112007700E2030034E68E0000761F03A28E
:20225400E21300220E2209011E4E761F039A1E323B018F0850285603014E560100A4761FA8
:20226400039C06C41E36761F03A20E221E4E761F039A1E348F0850285603014E560100A491
:20227400761F039C06C41E38761F03A20E2209C91E4E761F039A1E368F0850285603014E11
:20228400560100A4761F039C06C41E3A761F03A20E2209C81E4E761F039A1E388F085028AB
:202294005603014E560100A4761F039C06C41E3CE2AF0136E2AF0038E72000087700E20333
:2022A400003E761F03A2E2C40022761F039DE2030000761F039CE2AF0134E7200008761F22
:2022B400039DE2030002761F039CE2AF003E761F039DE2AF0102E70000087700E203000468
:2022C400761F039CE2AF0138E7100040761F039DE2030006761F039CE2AF013AE2AF003CD8
:2022D400E7200008761F039DE2030008E2AF0102E70000087700E203000A761F039CE2AF0B
:2022E400013CE7100040761F039DE203000C761F03A1E2AF003C761F039DE2AF010CE70080
:2022F4000008761F03A0E2030022761F03A1E2AF003E761F039DE2AF0106E7000008761F2A
:2023040003A0E2030024E2AF0124E2AF0022E71000407700E2030026761F03A1E2AF003EE3
:20231400761F039DE2AF010CE7000008761F03A0E2030028761F03A1E2AF003C761F039D67
:20232400E2AF0106E7000008761F03A0E203002AE2AF0128E72000087700E203002C06264E
:202334001E2E062C1E30062E1E3206301E34761F039BE2AF013E761F03A0E2AF0034E720AA
:202344000008761F039DE203000EE85010007700E2030010761F0384922D761F03A39603E6
:202354009A00BE009303530061029A0152006002BE017E04761F03830602761F039D1E12AD
:20236400761F038492276107761F039D0612761F03831E04761F03A392046005761F038440
:2023740092246107761F039D0612761F03831E04761F03830604761F039D1E14E2AF001074
:20238400E2AF0114E71000407700E2030016761F03A392036123761F039D06161E4CE811E2
:20239400FC00AD146508E801FC00761F03A1E203000C6F0FE815FC00AD146308E805FC0064
:2023A400761F03A1E203000C6F04761F03A11E0C060C761F039D1E186F06E590761F039D7D
:2023B400E2030018761F03A0E2AF0032761F039BE2AF013CE7200008761F039DE203001ACD
:2023C400E85010007700E203001C761F0384922D761F03A396059A009305BE0053006102E2
:2023D4009A0152006002BE017E06761F03830606761F039D1E1E761F038492286107761FEC
:2023E400039D061E761F03831E08761F03A392066005761F038492256107761F039D061E08
:2023F400761F03831E08761F03830608761F039D1E20E2AF001CE2AF0120E71000407700DF
:20240400E2030022761F03A392056123761F039D06221E4CE811FC00AD146508E801FC008C
:20241400761F03A1E20300146F0FE815FC00AD146308E805FC00761F03A1E20300146F0445
:20242400761F03A11E140614761F039D1E246F2E761F0383062A761F03A11E0EE2AF000EB0
:20243400E6950000E203001006101E4CE811F800AD146506E801F800E20300126F13E80138
:20244400F0C8E2AF014CE80CCCD0E6940001AD146308E801F0C8E80CCCD0E20300126F0212
:202454001E120612761F039D1E24761F03820614761F03871E10E590E203001206101E1474
:20246400761F0383063C761F039A1E3A6F1002001E3C6F1A02001E3C6F1702001E3C6F144C
:2024740002001E3C6F1102011E3C6F0EFF58C43A61EF02010FA661EF02020FA661EF0203D7
:202484000FA661EF6FF15603013C8F00E1D2560100A4761F038706C41E16761F039DE2AF1D
:202494000024761F0387E2AF0116E7100040761F039DE2030026E801FB98E8099998E20343
:2024A4000028E801FB38E80851E8E203002AE2AF0026E2AF0126E70000087700E203002CB6
:2024B400E2AF0118E2AF0018E70000087700E203002EE2AF012EE2AF002CE7100040770011
:2024C400E20300309A00E801FB38E80851E8E2AF0130E6940001AD1465029A01761F03A3C9
:2024D4009630761F03A2963352006150761F039DE801FB98E2AF0126E8099998E70000406A
:2024E400761F03A1E2030016761F039DE801FB98E2AF0118E8099998E7000040761F03A1C7
:2024F400E2030018761F039DE2AF003076480060761F03A1E203001AE5A0AD146104061AB4
:202504001E1C6F05E801FC00E203001CE801FC01E27400087700770077007700E203001E00
:20251400E2AF011EE2AF0016E7000008761F039DE2030032761F03A1E2AF0018E700000844
:20252400761F039DE20300346F07761F039D06261E3206181E34761F039C9A00E2AF00242F
:20253400E5A0AD1463029A01761F03A39607761F03A29623520061088F00E7768F40E9D443
:20254400764800DF6F078F00E7768F40E9D0764800FD761F039DE2AF0036E8511200770077
:20255400E2030038E68E0000761F03A2E21300240E2409011E4E761F039A1E3E3B018F087A
:2025640050285603014E560100A4761F039D06C41E3A761F03A20E241E4E761F039B1E00BC
:202574008F0850285603014E560100A4761F039D06C41E3C761F03A20E2409C91E4E761FFD
:20258400039B1E028F0850285603014E560100A4761F039D06C41E3E761F03A20E2409C82F
:202594001E4E761F039B1E048F0850285603014E560100A4761F039E06C41E00761F039D61
:2025A400E2AF013AE2AF003CE7200008761F039EE2030002761F03A2E2C40024761F039E18
:2025B400E2030004761F039DE2AF0138E7200008761F039EE2030006E2AF0106E2AF0002C4
:2025C400E70000087700E2030008761F039DE2AF013CE7100040761F039EE203000AE2AFB4
:2025D4000000761F039DE2AF013EE7200008761F039EE203000CE2AF0106E70000087700AE
:2025E400E203000EE2AF0100E71000407700E2030010761F039DE2AF0034761F039EE2AFEE
:2025F4000110E7000008761F03A0E203003E761F039DE2AF0032761F039EE2AF010AE700BB
:202604000008761F03A1E2030000761F03A0E2AF003E761F03A1E2AF0100E7100040770010
:20261400E2030002761F039DE2AF0032761F039EE2AF0110E7000008761F03A1E2030004DE
:20262400761F039DE2AF0034761F039EE2AF010AE7000008761F03A1E2030006E2AF010421
:20263400E72000087700E20300080608761F039A1E2A761F03A10602761F039A1E2C062A9E
:202644001E2E062C1E30761F039DE2AF0022E811FC00AD146508E8AFE000761F039EE2030D
:2026540000126F11E815FC00AD146407E590761F039EE20300126F07E88FE000761F039E0A
:20266400E20300129A00E5A0AD1461029A01761F03A39608E5A09A00AD1465029A01960927
:2026740052006106761F03A256BF01386F05761F03A22838FFFF761F039DE801B538E2AF5D
:20268400011AE80E2D60E7000040761F039EE20300149A00E5A0AD1465029A01761F03A325
:20269400960A52006106761F03A256BF01396F05761F03A22839FFFF92399B0054386002E3
:2026A4009B01761F03A3970B9B00920852006104920B61029B01970C920C6107E590761F62
:2026B400039EE20300166F05761F039E06141E16761F039DE2AF0016E811FC00AD14650873
:2026C400E8AFE000761F039EE20300186F11E815FC00AD146407E590761F039EE2030018FF
:2026D4006F07E88FE000761F039EE20300189A00E5A0AD1461029A01761F03A3960DE5A0A5
:2026E4009A00AD1465029A01960E52006106761F03A256BF013A6F05761F03A2283AFFFF84
:2026F400761F039DE801B538E2AF010EE80E2D60E7000040761F039EE203001A9A00E5A01D
:20270400AD1465029A01761F03A3960F52006106761F03A256BF013B6F05761F03A2283BBD
:20271400FFFF923B9B00543A60029B01761F03A397109B00920D52006104921061029B013F
:20272400971192116107E590761F039EE203001C6F05761F039E061A1E1C0202761F038313
:202734001E3C761F039B1E06761F03849210761F03A29625761F0383062A761F039E1E1E64
:20274400761F03A2E2C4000C761F039EE2030022061E1E2406201E26761F039C062E761F7F
:20275400039E1E28761F039C0630761F039E1E2A761F039B063C761F039E1E2C761F03A069
:202764000632761F039E1E2E761F039B063E761F039E1E30761F03A00634761F039E1E32A8
:20277400761F039C0622761F039E1E3406221E36E590E2030038761F039C0620761F039EC3
:202784001E3A761F039C0602761F039E1E3C761F039C0618761F039E1E3E761F039C0600F3
:20279400761F039F1E00761F0384921C761F03A296266F2456BF012756BF02286F2F56BF4E
:2027A400052756BF06286F2A56BF072756BF08286F2556BF032756BF04286F2056BF0A279C
:2027B40056BF0B286F1B56BF0C2756BF0D286F1656BF0E2756BF0F286F115204620A5204EE
:2027C40061E9520161D8520261DB520361DE6FF1520561E5520661E86FEC92278F00E7A42F
:2027D4009CFF560301A9560100A4761F039F06C41E02761F03A292289CFF8F00E7A4560329
:2027E40001A9560100A4761F039F06C41E0402001E541E561E5802041E568F40E7C28F002E
:2027F400E6C8A8A907548AA9065676484FC0761F03A29225601828A9535328A85353761F24
:20280400039B1E0C06081E4E1E201E0E060A1E4E1E221E10761F21670201070E761F039BB6
:202814001E126F2E28A9025754256018761F039B06081E4E1E1C1E0C060A1E4E1E1E1E0EC7
:2028240028A9454528A845451E100201761F2167070E761F039B1E126F13761F039B060856
:202834001E4E1E181E0C060A1E4E1E1A1E0E02001E10761F2167060E761F039B1E1256BFFF
:20284400014F924F761F03A296353B018F00E6CC9CFF560301A9560100A4761F039B06C42B
:202854001E14761F03A7923C5201611056BF013C2B522B532B549A048F00E6D49B04764851
:2028640043B89653761F03A72B3C761F039B3B010612761F03A2AE35761F039B1E160A4F66
:20287400061660D0761F03A292259C0196291B29025769032B2A6F02962A761F0384922C42
:20288400761F03A39612E2C40012761F039FE203000606061E08E5A0AD146106761F01FC06
:202894001A1B10006F05761F01FC1A1D1000761F039FE2AF0006E811F800AD14FFE4014BE3
:2028A400761F039AE801FAE8E2AF0130E80D9EB8E7000008761F0387E2030020761F039AC5
:2028B400E2AF002EE84FC000761F0387E2030022E8C00001E2AF0020E72000087700E20363
:2028C4000024E2AF0022E2AF0120E72000087700E2030026761F039A062E1E4A761F0387ED
:2028D40006261E48E2AF014AE6940001AD14650576484BC852006103064A1E48761F038774
:2028E40006241E4AE2AF0148E2AF004AE6940001AD14650776484BC852006003064A1E48A9
:2028F4000648761F03871E28761F039A062E1E4A761F038706261E48E2AF0048E2AF014ADD
:20290400E6940001AD14630576484BC852006103064A1E48761F038706241E4AE2AF014847
:20291400E2AF004AE6940001AD14630776484BC852006003064A1E480648761F03871E2A31
:20292400E2AF002AE2AF0128E71000407700E203002CE86FC0007700E203002EE2AF012408
:20293400E71000407700E2030030E2AF012EE2AF0026E71000407700E2030032761F039A52
:20294400E2AF002E761F0387E2AF012EE71000407700E2030034E801FC98E80E69D0E2AFD1
:202954000134E70000087700E2030036E801FC98E80E69D0E2AF0132E70000087700E203F2
:202964000038E801FC98E80E69D0E2AF0130E70000087700E203003A06361E4C761F039F4B
:202974001E0AE2AF004CE84FC0007700E203004C064C1E10E88FC0007700E203004C064CEE
:202984001E16E8022CE0E2AF014CE80A0000E70000087700E68E00007700E21300509250C1
:20299400761F03A2962E962B761F038706381E4C761F039F1E0CE2AF004CE84FC0007700F1
:2029A400E203004C064C1E12E88FC0007700E203004C064C1E18E8022CE0E80A0000E2AF80
:2029B400014CE70000087700E68E00007700E2130050761F03A29250962F962C761F03875E
:2029C400063A1E4C761F039F1E0EE2AF004CE84FC0007700E203004C064C1E14E88FC000AF
:2029D4007700E203004C064C1E1AE8022CE0E80A0000E2AF014CE70000087700E68E000011
:2029E4007700E2130050761F03A292509630962D6F06761F03A22B2B2B2C2B2D922B761F6C
:2029F4000101962B761F03A2922C761F0105962B761F03A2922D761F0109962B761F039A21
:202A0400062E761F03871E18761F039A0630761F03871E1A060C1E1C060E1E1E761F03A096
:202A1400063A761F03821E3E761F03870618761F03811E00761F0387061A761F03811E0200
:202A2400761F0387061C761F03811E04761F0387061E761F03811E06761F039C0620761FA7
:202A340003831E00761F039D0618761F03831E02761F03842B27761F039EE2AF011C761F69
:202A44000383E2AF0004E71000407700E2030004761F03A39204761F03849624761F039DE4
:202A54000624761F03831E06761F03842B28761F039EE2AF0116761F0383E2AF0008E71001
:202A640000407700E2030008761F03A39206761F03849625761F03A2922A761F038496104C
:202A7400BE0092136002BE0106A6761F039CC4208F00E0D2FF30560100A4C2C4761F0384ED
:202A84009B009213520060029B0197129215BE006002BE0106A6761F039CC4208F00E0D66A
:202A9400FF30560100A4C2C4761F03849B009215520060029B019714761F01D21A04000192
:202AA4001A0600013B109243761F0033962292449632FF699A21764831B3FE98E2AF03BE06
:202AB400E2AF02BEE2AF01BEE2AF00BEE28000BEC5BEC4BE83BE8ABE87BE00033B30FFF1C1
:202AC40076177602761BFFF00005ABBDA8BDA0BDC2BDC3BDE20000BDE20300BDE20301BD5B
:202AD400E20302BDE20303BDE6300600FE08FF6929425616761F03A89234520160632B46AB
:202AE40056BF01472B4592455204630D3B015CADDC845CA4A8A981458AA92BC40A45924564
:202AF400520464F62B46924761175CAD9A089B04DC845CA4764843FF96467700520061039D
:202B04005208600A5CAD0204FF69DC845DA48F00E70676484FC0761F039CE2AF0008E68E8B
:202B14000000761F03A2E21300179217900196189B00520061029B01973F923F761F0384C4
:202B2400962C761F03A2921790F09619FFC3961A761F0384961CBE0092116002BE0106A64F
:202B3400761F039CC4068F00E0CEFF30560100A4C2C4761F03849B009211520060029B01EC
:202B440097117622761F01C81A0B0040761A76221A0B4000761A9A60FF69764831B3FE88C7
:202B5400E2AF03BEE2AF02BEE2AF01BEE2AF00BEE28000BEC5BEC4BE83BE8ABE87BE000329
:202B64003B30FFF176177602FE0497449643A842528460060642761F03A81E1A6F0C762242
:202B74002901C4428F000D0056030143560100A4C2C4761AFE84FF690006FE0296415201AD
:202B8400610B5280680408A9FF806F029CE0FFC29C015201602292415280680708A9FF80F3
:202B940090079C082DA96F049CE090072DA99A01761F0033FF66982292415280680408A970
:202BA400FF806F029CE0FFC22DA99A01FF6620A8CAA823A9FFEF020A92415202610B5280A9
:202BB400680408A9FF806F029CE0FFC29C015202602292415280680708A9FF8090079C08C5
:202BC4002DA96F049CE090072DA99A01761F0033FF66982492415280680408A9FF806F0289
:202BD4009CE0FFC22DA99A01FF6620A8CAA823A9FFEF01DC92415203610B5280680408A97A
:202BE400FF806F029CE0FFC29C015203602292415280680708A9FF8090079C082DA96F0468
:202BF4009CE090072DA99A01761F0033FF66982692415280680408A9FF806F029CE0FFC263
:202C04002DA99A01FF6620A8CAA823A9FFEF01AE92415204610B5280680408A9FF806F02C3
:202C14009CE0FFC29C015204602292415280680708A9FF8090079C082DA96F049CE0900713
:202C24002DA99A01761F0033FF66982892415280680408A9FF806F029CE0FFC22DA99A01D2
:202C3400FF6620A8CAA823A9FFEF018092415205610B5280680408A9FF806F029CE0FFC2F4
:202C44009C015205602292415280680708A9FF8090079C082DA96F049CE090072DA99A01AE
:202C5400761F0033FF66982A92415280680408A9FF806F029CE0FFC22DA99A01FF6620A8E4
:202C6400CAA823A9FFEF015292415206610B5280680408A9FF806F029CE0FFC29C01520629
:202C7400602292415280680708A9FF8090079C082DA96F049CE090072DA99A01761F0033AA
:202C8400FF66982C92415280680408A9FF806F029CE0FFC22DA99A01FF6620A8CAA823A93C
:202C9400FFEF012492415207610B5280680408A9FF806F029CE0FFC29C015207602292410E
:202CA4005280680708A9FF8090079C082DA96F049CE090072DA99A01761F0033FF66982EA4
:202CB40092415280680408A9FF806F029CE0FFC22DA99A01FF6620A8CAA823A9FFEF00F651
:202CC40092415208610B5280680408A9FF806F029CE0FFC29C0152086022924152806807AE
:202CD40008A9FF8090079C082DA96F049CE090072DA99A01761F0033FF669830924152800E
:202CE400680408A9FF806F029CE0FFC22DA99A01FF6620A8CAA823A9FFEF00C892415209C6
:202CF400610B5280680408A9FF806F029CE0FFC29C015209602292415280680708A9FF807A
:202D040090079C082DA96F049CE090072DA99A01761F0033FF66983292415280680408A9EE
:202D1400FF806F029CE0FFC22DA99A01FF6620A8CAA823A9FFEF009A9241520A610B5280A1
:202D2400680408A9FF806F029CE0FFC29C01520A602192415280680708A9FF8090079C084C
:202D34002DA96F049CE090072DA99A01761F0033FF66983492415280680408A9FF806F0207
:202D44009CE0FFC22DA99A01FF6620A8CAA823A96F6C9241520B610B5280680408A9FF8071
:202D54006F029CE0FFC29C01520B602192415280680708A9FF8090079C082DA96F049CE0F2
:202D640090072DA99A01761F0033FF66983692415280680408A9FF806F029CE0FFC22DA987
:202D74009A01FF6620A8CAA823A96F3F9241520C610B5280680408A9FF806F029CE0FFC2D2
:202D84009C01520C602192415280680708A9FF8090079C082DA96F049CE090072DA99A0167
:202D9400761F0033FF66983892415280680408A9FF806F029CE0FFC22DA99A01FF6620A895
:202DA400CAA823A96F129241520D610F520E610D520F610B521061095211610752126105B2
:202DB40052136803521F6601FE820006FE0296415201610B5280680408A9FF806F029CE0E0
:202DC400FFC29C015201602492415280680708A9FF8090079C082DA96F049CE090072DA909
:202DD4009A01761F0033FF66FF5EC02292415280680408A9FF806F029CE0FFC22DA99A0178
:202DE400FF66FF5E20A8CEA823A9FFEF021F92415202610B5280680408A9FF806F029CE006
:202DF400FFC29C015202602492415280680708A9FF8090079C082DA96F049CE090072DA9D8
:202E04009A01761F0033FF66FF5EC02492415280680408A9FF806F029CE0FFC22DA99A0145
:202E1400FF66FF5E20A8CEA823A9FFEF01EF92415203610B5280680408A9FF806F029CE005
:202E2400FFC29C015203602492415280680708A9FF8090079C082DA96F049CE090072DA9A6
:202E34009A01761F0033FF66FF5EC02692415280680408A9FF806F029CE0FFC22DA99A0113
:202E4400FF66FF5E20A8CEA823A9FFEF01BF92415204610B5280680408A9FF806F029CE004
:202E5400FFC29C015204602492415280680708A9FF8090079C082DA96F049CE090072DA975
:202E64009A01761F0033FF66FF5EC02892415280680408A9FF806F029CE0FFC22DA99A01E1
:202E7400FF66FF5E20A8CEA823A9FFEF018F92415205610B5280680408A9FF806F029CE003
:202E8400FFC29C015205602492415280680708A9FF8090079C082DA96F049CE090072DA944
:202E94009A01761F0033FF66FF5EC02A92415280680408A9FF806F029CE0FFC22DA99A01AF
:202EA400FF66FF5E20A8CEA823A9FFEF015F92415206610B5280680408A9FF806F029CE002
:202EB400FFC29C015206602392415280680708A9FF8090079C082DA96F049CE090072DA914
:202EC4009A01761F0033FF66FF5EC02C92415280680408A9FF806F029CE0FFC22DA99A017D
:202ED400FF6620A8CAA823A9FFEF013092415207610B5280680408A9FF806F029CE0FFC2A0
:202EE4009C015207602492415280680708A9FF8090079C082DA96F049CE090072DA99A0108
:202EF400761F0033FF66FF5EC02E92415280680408A9FF806F029CE0FFC22DA99A01FF6681
:202F0400FF5E20A8CEA823A9FFEF010092415208610B5280680408A9FF806F029CE0FFC2A2
:202F14009C015208602492415280680708A9FF8090079C082DA96F049CE090072DA99A01D6
:202F2400761F0033FF66FF5EC03092415280680408A9FF806F029CE0FFC22DA99A01FF664E
:202F3400FF5E20A8CEA823A9FFEF00D092415209610B5280680408A9FF806F029CE0FFC2A2
:202F44009C015209602492415280680708A9FF8090079C082DA96F049CE090072DA99A01A5
:202F5400761F0033FF66FF5EC03292415280680408A9FF806F029CE0FFC22DA99A01FF661C
:202F6400FF5E20A8CEA823A9FFEF00A09241520A610B5280680408A9FF806F029CE0FFC2A1
:202F74009C01520A602392415280680708A9FF8090079C082DA96F049CE090072DA99A0175
:202F8400761F0033FF66FF5EC03492415280680408A9FF806F029CE0FFC22DA99A01FF66EA
:202F9400FF5E20A8CEA823A96F709241520B610B5280680408A9FF806F029CE0FFC29C0182
:202FA400520B602392415280680708A9FF8090079C082DA96F049CE090072DA99A01761F4C
:202FB4000033FF66FF5EC03692415280680408A9FF806F029CE0FFC22DA99A01FF66FF5EF0
:202FC40020A8CEA823A96F419241520C610B5280680408A9FF806F029CE0FFC29C01520C7F
:202FD400602392415280680708A9FF8090079C082DA96F049CE090072DA99A01761F003346
:202FE400FF66FF5EC03892415280680408A9FF806F029CE0FFC22DA99A01FF66FF5E20A829
:202FF400CEA823A96F129241520D610F520E610D520F610B5210610952116107521261055C
:2030040052136803521F6601FE820006FE0296415201610B5280680408A9FF806F029CE08D
:20301400FFC29C015201601692415280680708A9FF8090079C082DA96F049CE090072DA9C4
:203024009A01761F0033FF669823F6017700FFEF018592415202610B5280680408A9FF8026
:203034006F029CE0FFC29C015202601692415280680708A9FF8090079C082DA96F049CE023
:2030440090072DA99A01761F0033FF669825F6017700FFEF016392415203610B52806804E8
:2030540008A9FF806F029CE0FFC29C015203601692415280680708A9FF8090079C082DA9C1
:203064006F049CE090072DA99A01761F0033FF669827F6017700FFEF014192415204610B36
:203074005280680408A9FF806F029CE0FFC29C015204601692415280680708A9FF809007DC
:203084009C082DA96F049CE090072DA99A01761F0033FF669829F6017700FFEF011F92417E
:203094005205610B5280680408A9FF806F029CE0FFC29C015205601692415280680708A90E
:2030A400FF8090079C082DA96F049CE090072DA99A01761F0033FF66982BF6017700FFEF39
:2030B40000FD92415206610B5280680408A9FF806F029CE0FFC29C0152066016924152803C
:2030C400680708A9FF8090079C082DA96F049CE090072DA99A01761F0033FF66982DF6015C
:2030D4007700FFEF00DB92415207610B5280680408A9FF806F029CE0FFC29C01520760167C
:2030E40092415280680708A9FF8090079C082DA96F049CE090072DA99A01761F0033FF6653
:2030F400982FF6017700FFEF00B992415208610B5280680408A9FF806F029CE0FFC29C018E
:203104005208601692415280680708A9FF8090079C082DA96F049CE090072DA99A01761FFA
:203114000033FF669831F6017700FFEF009792415209610B5280680408A9FF806F029CE052
:20312400FFC29C015209601592415280680708A9FF8090079C082DA96F049CE090072DA9AC
:203134009A01761F0033FF669833F60177006F759241520A610B5280680408A9FF806F021C
:203144009CE0FFC29C01520A601592415280680708A9FF8090079C082DA96F049CE09007E5
:203154002DA99A01761F0033FF669835F60177006F549241520B610B5280680408A9FF80B5
:203164006F029CE0FFC29C01520B601592415280680708A9FF8090079C082DA96F049CE0EA
:2031740090072DA99A01761F0033FF669837F60177006F339241520C610B5280680408A99B
:20318400FF806F029CE0FFC29C01520C601592415280680708A9FF8090079C082DA96F04C6
:203194009CE090072DA99A01761F0033FF669839F60177006F129241520D610F520E610D3A
:2031A400520F610B52106109521161075212610552136803521F6601FE82FF690006FE0247
:2031B40096415280680408A9FF806F029CE0FFC29C01964292416103520C69059242610B50
:2031C400520C66099242761F00339CFF2DA99A01FF669621FE820006761BFFF0E20000BDB5
:2031D400E63006002942561676256F00761BFFF0E20000BDE63006002942561676256F00C2
:2031E400761BFFF0E20000BDE63006002942561676256F00761BFFF0E20000BDE630060074
:2031F4002942561676256F00761BFFF0E20000BDE63006002942561676256F00761BFFF03E
:20320400E20000BDE63006002942561676256F00761BFFF0E20000BDE630060029425616FC
:2032140076256F00761BFFF0E20000BDE63006002942561676256F00761BFFF0E20000BD55
:20322400E63006002942561676256F00761BFFF0E20000BDE63006002942561676256F0071
:20323400761BFFF0E20000BDE63006002942561676256F00761BFFF0E20000BDE630060023
:203244002942561676256F00761BFFF0E20000BDE63006002942561676256F00761BFFF0ED
:20325400E20000BDE63006002942561676256F00761BFFF0E20000BDE630060029425616AC
:2032640076256F00761BFFF0E20000BDE63006002942561676256F00761BFFF0E20000BD05
:20327400E63006002942561676256F00761BFFF0E20000BDE63006002942561676256F0021
:20328400761BFFF0E20000BDE63006002942561676256F00761BFFF0E20000BDE6300600D3
:203294002942561676256F00761BFFF0E20000BDE63006002942561676256F00761BFFF09D
:2032A400E20000BDE63006002942561676256F00761BFFF0E20000BDE6300600294256165C
:2032B40076256F00761BFFF0E20000BDE63006002942561676256F00761BFFF0E20000BDB5
:2032C400E63006002942561676256F00761BFFF0E20000BDE63006002942561676256F00D1
:2032D400761BFFF0E20000BDE63006002942561676256F00761BFFF0E20000BDE630060083
:2032E4002942561676256F00761BFFF0E20000BDE63006002942561676256F00761BFFF04D
:2032F400E20000BDE63006002942561676256F00761BFFF0E20000BDE6300600294256160C
:2033040076256F00761BFFF0E20000BDE63006002942561676256F00761BFFF0E20000BD64
:20331400E63006002942561676256F00761BFFF0E20000BDE63006002942561676256F0080
:20332400761BFFF0E20000BDE63006002942561676256F00761BFFF0E20000BDE630060032
:203334002942561676256F00761BFFF0E20000BDE63006002942561676256F00761BFFF0FC
:20334400E20000BDE63006002942561676256F00761BFFF0E20000BDE630060029425616BB
:2033540076256F00761BFFF0E20000BDE63006002942561676256F00761BFFF0E20000BD14
:20336400E63006002942561676256F00761BFFF0E20000BDE63006002942561676256F0030
:20337400761BFFF0E20000BDE63006002942561676256F00761BFFF0E20000BDE6300600E2
:203384002942561676256F00761BFFF0E20000BDE63006002942561676256F00761BFFF0AC
:20339400E20000BDE63006002942561676256F00761BFFF0E20000BDE6300600294256166B
:2033A40076256F00761BFFF0E20000BDE63006002942561676256F00761BFFF0E20000BDC4
:2033B400E63006002942561676256F00761BFFF0E20000BDE63006002942561676256F00E0
:2033C400761BFFF0E20000BDE63006002942561676256F00761BFFF0E20000BDE630060092
:2033D4002942561676256F00761BFFF0E20000BDE63006002942561676256F00761BFFF05C
:2033E400E20000BDE63006002942561676256F00761BFFF0E20000BDE6300600294256161B
:2033F40076256F00761BFFF0E20000BDE63006002942561676256F00761BFFF0E20000BD74
:20340400E63006002942561676256F00761BFFF0E20000BDE63006002942561676256F008F
:20341400761BFFF0E20000BDE63006002942561676256F00761BFFF0E20000BDE630060041
:203424002942561676256F00761BFFF0E20000BDE63006002942561676256F00761BFFF00B
:20343400E20000BDE63006002942561676256F00761BFFF0E20000BDE630060029425616CA
:2034440076256F00761BFFF0E20000BDE63006002942561676256F00761BFFF0E20000BD23
:20345400E63006002942561676256F00761BFFF0E20000BDE63006002942561676256F003F
:20346400761BFFF0E20000BDE63006002942561676256F00761BFFF0E20000BDE6300600F1
:203474002942561676256F00761BFFF0E20000BDE63006002942561676256F00761BFFF0BB
:20348400E20000BDE63006002942561676256F00761BFFF0E20000BDE6300600294256167A
:2034940076256F00761BFFF0E20000BDE63006002942561676256F00761BFFF0E20000BDD3
:2034A400E63006002942561676256F00761BFFF0E20000BDE63006002942561676256F00EF
:2034B400761BFFF0E20000BDE63006002942561676256F00761BFFF0E20000BDE6300600A1
:2034C4002942561676256F00761BFFF0E20000BDE63006002942561676256F00761BFFF06B
:2034D400E20000BDE63006002942561676256F00761BFFF0E20000BDE6300600294256162A
:2034E40076256F00761BFFF0E20000BDE63006002942561676256F00761BFFF0E20000BD83
:2034F400E63006002942561676256F00761BFFF0E20000BDE63006002942561676256F009F
:20350400761BFFF0E20000BDE63006002942561676256F00761BFFF0E20000BDE630060050
:203514002942561676256F00761BFFF0E20000BDE63006002942561676256F00761BFFF01A
:20352400E20000BDE63006002942561676256F00761BFFF0E20000BDE630060029425616D9
:2035340076256F00761BFFF0E20000BDE63006002942561676256F00761BFFF0E20000BD32
:20354400E63006002942561676256F00761BFFF0E20000BDE63006002942561676256F004E
:20355400761BFFF0E20000BDE63006002942561676256F00761BFFF0E20000BDE630060000
:203564002942561676256F00761BFFF0E20000BDE63006002942561676256F00761BFFF0CA
:20357400E20000BDE63006002942561676256F00761BFFF0E20000BDE63006002942561689
:2035840076256F00761BFFF0E20000BDE63006002942561676256F00761BFFF0E20000BDE2
:20359400E63006002942561676256F00761BFFF0E20000BDE63006002942561676256F00FE
:2035A400761BFFF0E20000BDE63006002942561676256F00761BFFF0E20000BDE6300600B0
:2035B4002942561676256F00761BFFF0E20000BDE63006002942561676256F00761BFFF07A
:2035C400E20000BDE63006002942561676256F00761BFFF0E20000BDE63006002942561639
:2035D40076256F00761BFFF0E20000BDE63006002942561676256F00761BFFF0E20000BD92
:2035E400E63006002942561676256F00761BFFF0E20000BDE63006002942561676256F00AE
:2035F400761BFFF0E20000BDE63006002942561676256F00761BFFF0E20000BDE630060060
:203604002942561676256F00761BFFF0E20000BDE63006002942561676256F00761BFFF029
:20361400E20000BDE63006002942561676256F00761BFFF0E20000BDE630060029425616E8
:2036240076256F00761BFFF0E20000BDE63006002942561676256F00761BFFF0E20000BD41
:20363400E63006002942561676256F00761BFFF0E20000BDE63006002942561676256F005D
:20364400761BFFF0E20000BDE63006002942561676256F00761BFFF0E20000BDE63006000F
:203654002942561676256F00761BFFF0E20000BDE63006002942561676256F00761BFFF0D9
:20366400E20000BDE63006002942561676256F00761BFFF0E20000BDE63006002942561698
:2036740076256F00761BFFF0E20000BDE63006002942561676256F00761BFFF0E20000BDF1
:20368400E63006002942561676256F00761BFFF0E20000BDE63006002942561676256F000D
:20369400761BFFF0E20000BDE63006002942561676256F00761BFFF0E20000BDE6300600BF
:2036A4002942561676256F00761BFFF0E20000BDE63006002942561676256F00761BFFF089
:2036B400E20000BDE63006002942561676256F00761BFFF0E20000BDE63006002942561648
:2036C40076256F00761BFFF0E20000BDE63006002942561676256F00761BFFF0E20000BDA1
:2036D400E63006002942561676256F00761BFFF0E20000BDE63006002942561676256F00BD
:2036E400761BFFF0E20000BDE63006002942561676256F00761BFFF0E20000BDE63006006F
:2036F4002942561676256F00761BFFF0E20000BDE63006002942561676256F00761BFFF039
:20370400E20000BDE63006002942561676256F00761BFFF0E20000BDE630060029425616F7
:2037140076256F00761BFFF0E20000BDE63006002942561676256F00761BFFF0E20000BD50
:20372400E63006002942561676256F00761BFFF0E20000BDE63006002942561676256F006C
:20373400761BFFF0E20000BDE63006002942561676256F00761BFFF0E20000BDE63006001E
:2037440029425616E28000BEFFF176177602761BFFF0E20000BDE6300600294256167625CC
:203754006F00764838387622FF697648436D761F1740CC0800C0FFC56007761F1746063671
:20376400600376483BE2761A9A01D400D5019B14FF697648384676C702823E67764837750F
:2037740000067622761F174C1A2200011A2200041A2200081A2200101A2200201A230001F8
:203784001A2300041A2400011A2400021A2600011A2600021A2600041A2600081A26001006
:203794001A2600201A2600401A2600801A2601001A2602001A2604001A2608001A28000123
:2037A4001A2800021A2800041A2800081A2800101A2800201A2A00011A2A00021A2A0004AA
:2037B4001A2E00011A2E00021A3000011A3000021A3000041A3000081A3200011A32000290
:2037C4001A3200041A3400011A3400021A3600011A3600021A3800011A3800021A39000158
:2037D4001A3A00011A3C00011A3C00021A3C00041A3C00081A3E00011A3E00021A3E00040A
:2037E4001A3E00081A3E00101A3E00201A3E00401A3E0080761F174D1A0300011A030002DF
:2037F4001A030004761AFF69000676220200761F174C1E221E241E261E281E2A1E2E1E3016
:203804001E321E341E361E381E3A1E3C1E3E761F174D1E02761AFF69000676226F059A028B
:2038140028A85A5A1E24761F140092249003520260F7761AFF69000676229A0028A85A5A7D
:20382400761F14001E24761AFF6900067622761F01C0CC25FF0050559625CC25FF0050AA73
:203834009625761AFF690006FE027622761F01C0922990079641924150689629761AFF6962
:20384400FE820006FE207D527C519750964F56BF015F761F1748884F920890030EA90FA67F
:20385400601588509214907F0EA90FA6600F8851CC140300FFC70EA90FA660088852922293
:20386400903F0EA90FA6FFE101CA884F920890030EA90FA661116F0A76483B446F0D76488C
:203874003B546F0A76483B686F07924F61F9520161FA520261F27622761F174888509214BB
:20388400907F0EA90FA660088851CC140300FFC70EA90FA66123761F1744922C761F17482D
:20389400180EFFFDF67877001822FFC02B60926052056714761F1748180EFFFEF61477002D
:2038A40056030851CA500EA91E1492169001520160FD0A609260520568EE9252523F61087F
:2038B4009C01CD22FFC0903FCAA896226F06CD22FFC0903FCAA89622761F01C092229653A1
:2038C40092299654922A965576222B2ACC25FF0050559625CC25FF0050AA962576083B30CD
:2038D40092BE96562B2256BF2829761F17441A2C0001761F17481A0E0002F6147700FF69A7
:2038E4007648382A7622925F5201FFE001208F000800761F1748CC160002FFC052016016D1
:2038F400180EFFFDF6787700180EFFFEF614770056030851CA500EA91E14921690015201C8
:2039040060FD1A0E0002F6147700761F0030920C9657060A1E44920E9658920F9659761F26
:20391400174D923C9007965DCC3C0038FFC2965E761F00309214965A06121E469216965B72
:203924009217965C761F00301A0C00103B01FF2FE0001E0A180EFF001A0C00201A0C80006A
:203934001A0C40006F16761F174DCC3CFFF85001963C6F15761F174DCC3CFFF85002963CCD
:203944006F0E761F174DCC3CFFF85003963C6F07924F61F1520161F6520261E6761F003016
:203954001A1480001A1440001A140010A8121816FF001A140020761F00301A0C0010761F34
:2039640000301A140010761F00301A0C0020761F00301A1400201A1480001814FFEF761F5A
:203974000030180CFFEF761F00304F146D05761F00304F0C6CF9761F00301A0C0010761F42
:2039840000301A1400103B01FF2FE000761F003003081E489257960C06441E0A9258960EAA
:203994009259960F925D761F174D9007CD3CFFF8CAA8963C925E9007FF82CD3CFFC7CAA877
:2039A400963C925A761F0030961406461E12925B9616925C9617E2C401517700E8020400C9
:2039B400E274000977007700E2C403507700E71000C87700E203004C761F17489222903F58
:2039C40060039A016F059222903F560301A985A9BDA90F127700770077007700E6890000EB
:2039D4007700E203004EE2840148E2AF034CE2AF024EE8022800E2740008E27400997700E3
:2039E400770077007700E72000087700E203004A9B009A01E801EE60E2AF014AE80E66689C
:2039F400E6940001AD14620AE805EE60E80E6668E6940001AD1464029A00520061029B017F
:203A0400975F925F5201FFE1FEE6761F1744182CFFFE761F01C0CC25FF0050559625CC25DC
:203A1400FF0050AA96251A540028925496299255962ACC53FFFE962240566D022910415653
:203A24006D022920F6C87700761F17489252CD22FFC0903FCAA89622761AFEA0FF6900067A
:203A3400FE107D467C45974496432B482B49761F17488843920A90030EA90FA6601F8844A0
:203A4400921E907F0EA90FA660198845CC1E0300FFC70EA90FA660128846922490030EA992
:203A54000FA6FFE100CB6F0A76483B786F0D76483B826F0A76483B8E6F07924361F652011C
:203A640061F7520461F87622761F17481818FFFD761AF6787700761F174D923C9007964DCD
:203A7400CC3C0038FFC2964E761F00309214964A06121E429216964B9217964C7622761F49
:203A8400174DCC3CFFF85006963C183CFFC7761F00301A140010020A1E122B162B1718148F
:203A9400BFFF761F17481A240003761A6F347622761F17481818FFFEF6147700560308450C
:203AA400CA440EA91E1E1A180001761A92209001520160FD76221A180002F6147700761F69
:203AB40000301A1400201814FFEF2B471B4703E8670E761F00304F146C061A14800056BFC9
:203AC40001496F050A471B4703E868F41A1400100A48761A924852056703924961C992498F
:203AD400600876220200761F17481E1E761A76252B4F6F1976221818FFFDF678770018189A
:203AE400FFFEF614770056030845CA440EA91E1E92209001520160FD1A180002F6147700F5
:203AF4000A4F761A761F174841206C04924F520A68E276229246CD24FFFC9003CAA8962462
:203B0400761F174D924D9007CD3CFFF8CAA8963C924E9007FF82CD3CFFC7CAA8963C924A07
:203B1400761F0030961406421E12924B9616924C96171A140020761AFE90FF690006762224
:203B24000200761F17C019011E10020019011E12020019011E14020019011E160200761F4A
:203B340017C119011E10020019011E12020019011E14020019011E16761A9A00FF690006CF
:203B44007622761F1748CC08FFFC50029608F6FA7700F63277001A080010761AFF690006E0
:203B54007622761F17481808FFF7F6FA7700F63277001808FFFCF6FA7700F63277001A0866
:203B64000010761AFF6900067622761F17481808FFEFF6FA7700F6327700CC08FFFC500173
:203B74009608761AFF6900067622761F17481808FFF7180AFFFC761AFF6900067622761FAB
:203B840017481808FFEFCC0AFFFC5001960A761AFF6900067622761F1748CC0AFFFC500245
:203B9400960A761AFF6900067622761F174D1836FFFC761A7621FF6900067622761F174D73
:203BA400CC36FFFC50019636761A7621FF6900067622761F174DCC36FFFC50029636761A16
:203BB400761F174492259003520160FB7622761F1748180EFFFD180EFFFE761A7621FF69A9
:203BC40000067622761F174D1A360003761A761F174492259003600592249001520161F8D5
:203BD400FF69764837F97622761F1748180EFFFD180EFFFE761A7621FF690006761F174C1D
:203BE4001A3C00011A3C00021A3C00041A3C00088F007BDD761F1746A836A838A83AA83CFD
:203BF400761F174C183CFFFE183CFFFD183CFFFB183CFFF70006FE067D451E44A842761FD3
:203C04001400CE08CF09FF58610456BF01466F0C924552016004061696C46F05520260031C
:203C140006161EC42B469246FE860006FE047C431E42761F1400064ACA42CB41CE08CF09DF
:203C2400FF58610456BF01446F1292435201600402071E106F055202600302081E10064875
:203C34001E12064ACA42CB411E042B449244FE840006FE047C431E42761F1400064CCA42C1
:203C4400CB41CE08CF09FF58610456BF01446F1992435201600902011E1006481E12064A78
:203C540091001E146F095202600702021E1006481E12064A1E14064CCA42CB411E042B442D
:203C64009244FE840006FE047C431E42761F1400064CCA42CB41CE08CF09FF58610456BF2F
:203C740001446F1992435201600902091E1006481E12064A91001E146F0952026007020AC9
:203C84001E1006481E12064A1E14064CCA42CB411E042B449244FE840006FE047C431E4278
:203C9400761F1400064CCA42CB41CE08CF09FF58610456BF01446F1992435201600902031B
:203CA4001E1006481E12064A91001E146F095202600702041E1006481E12064A1E14064C88
:203CB400CA42CB411E042B449244FE840006FE047C431E42761F1400064CCA42CB41CE08DF
:203CC400CF09FF58610456BF01446F19924352016009020B1E1006481E12064A91001E140D
:203CD4006F0952026007020C1E1006481E12064A1E14064CCA42CB411E042B449244FE840E
:203CE4000006FE047C431E42761F1400064CCA42CB41CE08CF09FF58610456BF01446F143F
:203CF40092435201600402051E106F055202600302061E1006481E12064A1E14064CCA4230
:203D0400CB411E042B449244FE840006FE047C431E42761F1400064CCA42CB41CE08CF09C2
:203D1400FF58610456BF01446F14924352016004020D1E106F0552026003020E1E10064876
:203D24001E12064A1E14064CCA42CB411E042B449244FE840006FE041E42761F1400064C17
:203D3400CA42CB41CE08CF09FF58610456BF01436F0C02121E1006481E12064A1E14064C85
:203D4400CA42CB411E042B439243FE840006FE0C7C4B1E488F05F444A84A924B600D064ACB
:203D54001E42D40206501E4406521E46064876483C67964C6F0E5201600C064A1E42D40252
:203D640006501E4406521E46064876483CBB964C924CFE8C0006FE061E420642761F140023
:203D7400CE02CF03FF5861FA02070F18600B061A1E468A460EC41E1E064ACA42CB411E0058
:203D84006F1002080F18600B061A1E448A4406C41E1E064ACA42CB411E006F0306421E0050
:203D9400FE860006FE061E420642761F1400CE02CF03FF5861FA02010F18600E061A1E44C2
:203DA4008A44061C98C48A440EC41E1E064ACA42CB411E006F1402020F18600F061A1E46B0
:203DB4008A46061C98C499CC8A4606C41E1E064ACA42CB411E006F0306421E00FE8600067E
:203DC400FE061E420642761F1400CE02CF03FF5861FA762202090F18600E061A1E448A44AE
:203DD400061C98C48A440EC41E1E064ACA42CB411E006F14020A0F18600F061A1E468A4676
:203DE400061C98C499CC8A4606C41E1E064ACA42CB411E006F0306421E00761AFE86FF692C
:203DF4000006FE061E420642761F1400CE02CF03FF5861FA02030F18600F061A1E448A4415
:203E0400061CFF5EC0C48A440EC41E1E064ACA42CB411E006F1502040F186010061A1E4694
:203E14008A46061CFF55C0C4C1CC8A4606C41E1E064ACA42CB411E006F0306421E00FE867F
:203E24000006FE061E420642761F1400CE02CF03FF5861FA7622020B0F18600F061A1E4412
:203E34008A44061CFF5EC0C48A440EC41E1E064ACA42CB411E006F15020C0F186010061AF2
:203E44001E468A46061CFF55C0C4C1CC8A4606C41E1E064ACA42CB411E006F0306421E006F
:203E5400761AFE86FF690006FE061E420642761F1400CE02CF03FF5861FA02050F18600E87
:203E6400061A1E468A46061C96C48A460EC41E1E064ACA42CB411E006F1302060F18600EEB
:203E7400061A1E448A44061C1EC48A4406C41E1E064ACA42CB411E006F0306421E00FE8624
:203E84000006FE061E420642761F1400CE02CF03FF5861FA7622020D0F18600E061A1E46AF
:203E94008A46061C96C48A460EC41E1E064ACA42CB411E006F13020E0F18600E061A1E44B5
:203EA4008A44061C1EC48A4406C41E1E064ACA42CB411E006F0306421E00761AFE86FF697E
:203EB4000006FE041E420642761F1400CE02CF03FF5861FA02120F18600E061A1E44C5440D
:203EC400061C3E67761F14001E1E0648CA42CB411E006F0306421E00FE8400067700770060
:203ED400770077007700FF6900068F4080008F008000A0A9564100A4A8A98F0080007648FB
:203EE4004FC028A9003F28A800008F4800048F00800076484FC0764080000006FE080200D4
:203EF4001E441E461E4876228F084768761F0038A80802151E46021C0F46690E5C4602011D
:203F0400DC8C2DA4563B98489947020107461E46021C0F4666F4021A1E460F46690E5C46A4
:203F14000201DC8C2DA4563B98489947020107461E46021A0F4666F40648761F17D198041A
:203F24009905761A8F03FFF0A84283428F083F81A8C583428F00EA1CA8D583428F00EA1E28
:203F3400A8E583428F083FD4A8F5020807428AA98F48403DA0C4020A07428AA98F4840AA4D
:203F4400A0C4020C07428AA98F484102A0C4020E07428AA98F484155A0C4761F00331A2290
:203F540010007623000129102920BE026F04020107441E44761F140006209B00900F0FA680
:203F64006105FF2002BC0F4466F3020B1E2202131E109A0128A880001E0402001E448F00BE
:203F740001F4A8A90F446907020107441E44A8A90F4466FBFE88FF690006FE021E4228AC47
:203F84000018BE03900018A8FF0056220FA66025184100FFCC4200FF290188A9064218A97A
:203F9400FF009100FF475CA99B0392A6764841B4CC4200FF80A928AC0018064291FF0EA8F9
:203FA40088A90642900018A8FF0056225CA993A692A7764842406F22CC4200FF88A929010D
:203FB400064218A9FF009100FF475CA99B0292A6764841B4CC4200FF80A928AC0018064217
:203FC40091FF0EA888A90642900018A8FF0056225CA993A692A7764842400201FE82000617
:203FD400FE041E42924290FF964376226F479243761F01E496006F599243761F01E496014E
:203FE4006F549243761F01E496026F4F9243761F01E496036F4A9243761F01E496046F4517
:203FF4009243761F01E496056F409243761F01E496066F3B9243761F01E496076F36924319
:20400400761F01E496086F319243761F01E496096F2C9243761F01E4960A6F279243761F6C
:2040140001E4960B6F229243761F01E4960C6F1D9243761F01E4960D6F1806422901BE0D42
:2040240018A9FF009100FF471EA719010FA6660D06A776C85A50FF301902560100A724A934
:20403400DF0124A81EA77620761A0201FE84FF690006FE101E4228AC001C900018A8F00044
:204044005622964B28AC00180642900018A80F005622964C064291FF974D2901064218A927
:20405400FF009100FF47964E924290FF964F924E900F96508F007A805603014F9CFE5603C0
:2040640001A9560100A4924EFFC3560301A907A41E46924F9CFF8F007AA0560301A907A410
:204074001E448F007AB6A8488F007AB8A84A76222BAAFF69924D900327A98A4656030150D7
:2040840016A9563BFF5A92AB98C492AA98CC8A4402012D4E563B98C499CC5C4F924B834849
:204094009001DC810EA92DA4563B98C599CD5C4F924C9001834ADC810EA92DA4563B98C588
:2040A40099CD761A0201FF69FE900006FE0E1E4228AC0018900018A80F00562296490642B1
:2040B40091FF974A2901064218A9FF009100FF47964B924290FF964C924B900F964D8F005E
:2040C4007A005603014C9CFE560301A9560100A4924BFFC3560301A907A41E46924C9CFFFA
:2040D4008F007A20560301A907A41E448F007A38A84876222BAAFF69924A900327A98A467E
:2040E4005603014D16A9563BFF5A92AB98C492AA98CC8A4402012D4B563B98C499CC5C4CF0
:2040F400924983489001DC810EA92DA4563B98C599CD761A0201FF69FE8E0006FE0E1E4243
:2041040028AC0018900018A80F0056229649064291FF974A2901064218A9FF009100FF4737
:20411400964B924290FF964C924B900F964D8F007A405603014C560301A9560100A4924B3C
:20412400FFC3560301A907A41E465603014C8F007A6007A41E448F007A78A84876222BAAAD
:20413400FF69924A900327A98A465603014D16A9563BFF5A92AB98C492AA98CC8A4402019A
:204144002D4B563B98C499CC924990018A482D4C0EA9563B98C499CC761A0201FF69FE8E4A
:204154000006FE061E42924290FF96452901064218A9FF009100FF4796468F007940A8448A
:2041640076222D4635031EA692452DA690070EA9563B98C499CC761A0201FF69FE86000665
:20417400FE0476220200761F01F01E3C761F01F11E3C761F01F21E3C761F01F31E3C761F74
:2041840001F41E3C761F01F51E3C8F007C00A8422B43924352C0670F2901BE00901F520638
:2041940061065603014307428AA9C2C40A43924352C068F58F007F00A8422B4392435218CF
:2041A400670C2901BE005603014307428AA9C2C40A439243521868F8761AFE84FF69000695
:2041B400FE0E7C4B974A9649901F964C9249900F964D92499007964E29018F007C00924904
:2041C400FFC4FF84560301A9560100A4A842924A52036670924B520F69026F6C924CFFC382
:2041D400560301A9074209061E44924CFFC3560301A9074209201E46924CFFC2560301A9F3
:2041E400074209281E487622FF6902038A44FF5A5603014D16A9563BFF55FF5A92ABC0C44A
:2041F40092AAC0CC0203FF5A8A465603014D16A9563BFF55FF5A92ABC0C492AAC0CC020383
:20420400FF5A924BFFC188A98A46A9A989A6FF5A5603014D16A9563BFF5A92AB98C492AAA4
:2042140098CC0203894B8A44FF5A5603014D16A9563BFF5A92AB98C492AA98CC0203FF5A3F
:204224008A485603024E16A9563BFF55FF5A92ABC0C492AAC0CC0203894A8A48FF5A56031D
:20423400024E16A9563BFF5A92AB98C492AA98CC761AFE8EFF690006FE187C5797569655ED
:20424400901F0EA91E4E9255900F0EA91E502D4E0201563B1E5229018F007C009255FFC47F
:20425400FF84560301A9560100A4A842020A07421E44020C07421E46021007421E48021298
:2042640007421E4A064EFF43FF30074209021E4C76228A440652FF55C0C4C1CC92565201A8
:20427400601F8A44065298C499CC42576C068A4A065298C499CC6F068A4A0652FF55C0C453
:20428400C1CC9257900561078A460652FF55C0C4C1CC6F238A46065298C499CC6F1E8A4444
:204294000652FF55C0C4C1CC40576C078A460652FF55C0C4C1CC6F058A46065298C499CC59
:2042A40041576C068A48065298C499CC6F068A480652FF55C0C4C1CC92579030FFC30EA9DF
:2042B4001E54FF6902038A4CFF5A5603015016A9563BFF55FF5A92ABC0C492AAC0CC065452
:2042C400610CA354560301508A4C16A9563BFF5A92AB98C492AA98CC761AFE98FF69000680
:2042D400FE0A974A9649901F0EA91E462D460201563B1E4829018F007C009249FFC4FF8475
:2042E400560301A9560100A4A842023C07421E447622924A61068A44064898C499CC6F06BC
:2042F4008A440648FF55C0C4C1CC761AFE8AFF690006FE0296417622761F01E49603761A91
:20430400FF69FE820006FE0296417622761F01E49604761AFF69FE820006FE02964176223B
:20431400761F01E49605761AFF69FE820006FE0296417622761F01E4960C761AFF69FE82F3
:204324000006FE0296417622761F01E4960D761AFF69FE820006762228A9FFFF28A87FFFB4
:20433400761F01F21E0C761F01F302081E0C761F01F402201E0C3B01761F01F5FF29FFFF37
:204344001E0C761AFF69000676228F3FFC1C761F01F0A80C28A90E0028A8FC00761F01F147
:204354001E0C28A943E728A81EF0761F01F21E0C761F01F302081E0C761F01F402001E0C21
:204364003B01761F01F5FF29FFFF1E0C761AFF690006FE02761F17400608290118A9070038
:204374009100FF47964152056004764843486F06520660047648432F6F01FE820006FE041E
:204384009643FFC429018F007F00FF81560301A9560100A4A8429243901F2DA906C4562241
:204394001EA692A690019644FE840006FE0697469645FFC429018F007F00FF81560301A9E0
:2043A400560100A4A84202011EA69245901F2DA906A6563B1E449246600406441EE46F0358
:2043B40006441ED4FE860006FE0697449643A8429244520160192B4592435445653A3B0126
:2043C400761F01C8CC0A1F00FFC7521061FA854507428AA9880992C43CA67E090A45924349
:2043D400544562EF6F262B453B016F1C2B46924652016217761F01C8CC0A1F00FFC7521083
:2043E40061FA854507428AA98009560303462DA992C4FF623CA77F090A469246520165EB2A
:2043F4000A45934392A8FFCE94A8FFA0544562DF9A00FE860006FE10974C964BA8422B4E6F
:204404002B4F8F1AB3F0A84A2B4D544D6572761F003006101E4602001E446F18761F003001
:2044140006101E4806460F48680403481E446F09034828ABFFFF28AAFFFF560100ABA944FD
:20442400064A0F4466039A016F55761F01C8CC0B1F00FFC761E4924C5201651F924F600FA9
:20443400934D92A83B01FFCE94A8FFA085A907428AA9C60796C456BF014F6F15934D92A896
:204444003B01FFCE94A8FFA085A907428AA95603080798C42B4F6F073B018807854D074230
:204454008AA97EC4CC0B8000FFCE520160031A0B400044056C0356BF044E42056C0356BFAA
:20446400034E43056C0356BF054E45056C0356BF064ECC050080FFC6520160071A0100209B
:204474001801FFDF1A0100200A4D924B544D6290924EFE900006FE0C97469645A044A8422B
:204484002B472B482B492B4A924F9445964B8A522BC4924B5447FFE50095761F01C8CC0BBE
:204494001F00FFC761599246520165372B4C9207964C92496010934792A83B01FFCE94A80C
:2044A400FFA085A907428AA9924C90FF96C456BF01496F0E934792A83B01FFCE94A8FFA014
:2044B40085A907428AA95603084C98C42B49924F6141854A07448AA9884C0EC40FA6600B2B
:2044C4000A4A924F544A60368A5292479E4F9C0196C46F572B4A6F2E3B018807854707421E
:2044D4008AA97EC4924F6116854A07448AA988C4854707428AA980C406A60FA7601B0A4AA5
:2044E400924F544A60178A5292479E4F9C0196C46F382B4A6F0F924760039A076F548A5213
:2044F40096C48A52924554C4630296C456BF08486F280A47CC0B8000FFCE520160031A0B78
:20450400400044056C0356BF044842056C0356BF034843056C0356BF054845056C0356BF41
:204514000648CC050080FFC6520160071A0100201801FFDF1A010020924B5447FFE2FF6F35
:20452400924F600892485208611D8A52924B96C46F198A5292C4601692479C01544A6107BD
:2045340092479CFF96C456BF08486F0356BF07488A52924554C4630296C48A5292C463023D
:204544002BC49248FE8C0006761F03A72B3C02001E3E56BF013D0006FE081E4402068F00A2
:20455400EA001EAC56440044560100A4A8467622761F174C1A320001761AFFEF0099761F43
:2045640003A89226FFE000A283468F006100A8C58A462BD48A462BDC8A4656BF10E48A46DE
:204574002BEC6F0156BF01479A3AD40FD5019B00FF6956BF314176484EED56BF31419A3BD7
:20458400D40FD5009B0076484EED56BF31419A3CD40FD5019B0076484EED56BF31419A3DC3
:20459400D40FD5019B0076484EED8A468AC418C4FF7F8A468AC41AC400208A468AC41ACC22
:2045A40000048A468AC41ACC00028A468AC41AE4006C8A46020F07C48AA992479003FF8398
:2045B40098C48A46020A07C48AA91AC440008A46020B07C48AA918C4FFE08A46020B07C455
:2045C4008AA91AC400108A46020B07C48AA91AC400408A468AC41AC40080761F03A856BFEC
:2045D40001266F3302001EC48A462BD48A462BDC8A462BE48A462BEC6F2802001EC48A4663
:2045E4002BD48A462BDC8A462BE48A462BEC6F1D02001EC48A462BD48A462BDC8A462BE426
:2045F4008A462BEC6F1202001EC46F0FC44406A6FFE1FF6702010FA661D602020FA661DEFC
:2046040002030FA661E66FF00206FF691EAC564400448F00EA00560100A4FE880006FE041C
:2046140097449643A84206C461148AC418C4FFBF8A428AC418CCFFF78A428AC4924390014D
:20462400FF8598C48A428AC492449001FF8298CCFE840006FE049643A8422B4406C4614207
:204634006F308AC4CCD40080FFC696446F3B8AC4CCD40040FFC596446F358AC4CCD4002092
:20464400FFC496446F2F8342020A07C58AA9CCC41F00FFC796446F268342020B07C58AA996
:20465400CCC41F00FFC796446F1D8342020B07C58AA9CCC48000FFCE96446F142B446F1270
:2046640092435203620A520361DF520061CB520161CF520261D36FF3520461DF520561E6EC
:204674006FEE9244FE840006FE067C43974296417648472E8F0703AC0EC48F00FFFF0FA46E
:2046840061139242600656030241944396446F065603024194439C02964476C703AC3E672A
:204694009645FFEF008D2B45FFEF008A761F01D09243CD01FF7F9001FF86CAA8960192454B
:2046A4006102963B924260121801FFBF761F01D1063090001E30063290001E320636900046
:2046B4001E36063890001E386F741A0100406F71761F01D29243CD01FF7F9001FF86CAA83F
:2046C400960192456102963B924260121801FFBF761F01D3063090001E30063290001E3282
:2046D400063690001E36063890001E386F521A0100406F4F761F01D49243CD01FF7F90018C
:2046E400FF86CAA8960192456102963B924260121801FFBF761F01D5063090001E30063249
:2046F40090001E32063690001E36063890001E386F301A0100406F2D761F01D69243CD01DD
:20470400FF7F9001FF86CAA8960192456102963B924260121801FFBF761F01D7063090009D
:204714001E30063290001E32063690001E36063890001E386F0E1A0100406F0B9241FFE1D6
:20472400FF7752016196520261B6520361D66F01FE860006FE0296416F2D8F0703B40EC432
:204734008F00FFFF0FA4612F76C703B43E676F2B8F0703B20EC48F00FFFF0FA4612476C743
:2047440003B23E676F208F0703B00EC48F00FFFF0FA4611976C703B03E676F158F0703AE37
:204754000EC48F00FFFF0FA4610E76C703AE3E676F0A520061D3520161DC520261E55203B3
:2047640061EE6F01FE820006761BFFF00005ABBDA8BDA0BDC2BDC3BDE20000BDE20300BD01
:20477400E20301BDE20302BDE20303BDE6300600FE04FF6929425616761F140006181E44B3
:204784006F7F9A0028A880001E42020176483D96FFEF00889A0028A880001E4202017648C8
:204794003D966F7F9A0028A880001E42020176483DF56F779A0028A880001E420201764816
:2047A4003DF56F6F9A0028A880001E42020176483E586F679A0028A880001E420201764863
:2047B4003E586F5F9A0028A880001E42020176483DC46F579A0028A880001E4202017648A4
:2047C4003DC46F4F9A0028A880001E42020176483E256F479A0028A880001E4202017648E7
:2047D4003E256F3F9A0028A880001E42020176483E856F379A0028A880001E420201764835
:2047E4003E856F2F9A0028A880001E42020176483D6F6F279A0028A880001E4202017648FC
:2047F4003D6F6F1F9A0028A880001E42020176483EB56F17761F03A856BF01186F12BE1129
:204804001901C5440FA666F706A776C85A2CFF301902560100A724A9DF0124A81EA77620D2
:20481400761F003356BF0121FF20036E761F14000F1C602602019800990106001AA880001E
:204824001E0002019806990706061AA880001E06761F03A8061A61087622061A761F003855
:204834001E08761A6F0D3B10761F00331822EFFFF6057700762FFFFE56BF01212910FE84F1
:20484400E2AF03BEE2AF02BEE2AF01BEE2AF00BEE28000BEC5BEC4BE83BE8ABE87BE00031C
:204854003B30FFF176177602FE06761F03A8922A0A2A52006109761F03A856BF0132761FD7
:2048640003A80B2A6F775CADDC845CA47648008376484CC076480B1C76484CCA761F03A801
:204874000B2A56BF01459245520463243B015CADDC845CA4A8A981458AA992C461178F0094
:20488400EA2EA8A981458AA99B0192C495A9520097C4610C761F03A856BF01328F00EA2E39
:20489400A8A981458AA90BC46F050A459245520464DF56BF014592455204633C8F00EA2AEE
:2048A4003B01A8A981458AA992C460348F00EA2EA8A981458AA992C461298F00EA2AA8A9BF
:2048B40081458AA90AC476484CC06F0A76480B7D6F0E76480C6F6F0B76480C786F089245D4
:2048C400520161F5520261F6520361F776484CCA3B018F00EA2EA8A981458AA90BC48F0074
:2048D400EA2AA8A981458AA90BC40A459245520464C6FE860006FE042842C5AC284136A744
:2048E400E8021A40E2030044761F03A82B332B3476483ED976484AB6761F21678A140200FA
:2048F4001EC476480C7D76484FE9E2AF0042E2AF014476484C7E761F21678A14BE0006C411
:204904006002BE01761F03A87E3476484CC076484E707648180376484FDD761F03A8923471
:204914006111761F21678A14B600BE0006C46002BE0192A66002B601761F03A87F339234EE
:2049240060F176481816764817FA76484FE99A00FE840006FE087D487C471E44764845500C
:20493400A846020019010F52610956BF31419252D400D5019B0076484EED8A46FE88000689
:20494400FE0A7D4797469645A84206421E4488D40E460FA6600788DC0E450FA660039A0006
:204954006F3D06C41E4A924596DC8A44924696D48A4A18C4FF7F8A4492D460088A4A18C492
:20496400FFBF8A4A18CCFFF76F1B92D4520160088A4A18C4FFBF8A4A1ACC00086F1192D406
:20497400520260088A4A1AC400408A4A18CCFFF76F078A4A1AC400408A4A1ACC00088344D6
:204984008A4A92DDCDC4FFF09CFF900FCAA896C48A4A1AC400809A006F01FE8A0006FE047E
:204994001E44A8429A00FE840006FE067D451E44A8429A00FE860006FE101E46A044A8421F
:2049A40006421E4806C41E4A06541E4E06441E5002001E4C06460F4C69368A48020A074AB4
:2049B40088E48AA9CCC41F00FFC780A906A60FA761F58A4828AC001092AC9EDC2DA9064C58
:2049C40007508AA992C4FF6688A90208074A8AA97EC4020B074A8AA9CCC41F00FFC761FA2C
:2049D4008A482DDC8A4A0201563B9CFFCEFC88A9064C074E8AA97EC40201074C1E4C0646C2
:2049E4000F4C66CC9A00FE900006FE061E46A044A8429A00FE860006FE02A8429A00FE829A
:2049F4000006FE041E44A842FE8400067622761F01D2061418A8FFF818A97FFF51011E1433
:204A04001815FE0FCC14FE00500E9614180AFFCFCC3B00FF933B3CA8973B1A0000041809B9
:204A1400FFE0761AFF6900067622761F01D4061418A8FFF818A97FFF51011E141815FE0FD5
:204A2400CC14FE00500E9614180AFFCFCC3B00FF933B3CA8973B1A0000041809FFE0761A64
:204A3400FF6900067622761F01D2061018A8FFF818A97FFF51011E10CC11FE0F5050961137
:204A4400CC10FE00500E96101A0700201807FFF01A070040180AFFFCCC3B00FF933B3CA8EF
:204A5400973B1A0000041809FFE0761AFF6900067622761F01D4061018A8FFF818A97FFF46
:204A640051011E10CC11FE0F50509611CC10FE00500E9610180AFFFCCC3B00FF933B3CA8CE
:204A7400973B1A0000041809FFE0761AFF6900067622761F174C1A3C0002761F01D2CC0117
:204A8400FFF050089601D4009B00FF699A0176484678761F01D21A0000802901FF209C3E21
:204A940076408037761AFF6900067622761F174C1A3C0004761F01D4CC01FFF05008960198
:204AA400D4009B00FF699A0276484678761F01D41A0000802901FF209C3E76408037761ADF
:204AB400FF690006764838387622761F174C1A2200041A2E00011A2E0002761A7622FF6953
:204AC4007648436D761F174C1A3C00011A3C00021A3C00041A3C00088F05D1B692C460092B
:204AD4008F007BDD761F1746A836A838A83AA83C761F174C183CFFFE183CFFFD183CFFFB7E
:204AE400183CFFF7761A9A01D400D5019B28FF69764838467622761F174C1A2200081A221C
:204AF40000101A2200201A2300011A2400011A240002020F761F17431E2C1E2002031E26A8
:204B04008F070000A8321E248F000FFFA816023F1E1802071E1A02031E1E02071E2202FF41
:204B14001E2E761A7622761F1748182CFFF8761A3B1076260000762F0000FF6976484F4EFF
:204B240076484F7676483EF276484C027622761F1743182CFFFD182CFFFB1816FFFE181696
:204B3400FFFD1816FFFB1820FFFE1822FFFE761AFF6976484CF876484D3376484548764890
:204B44004E407622761F174C1A2600011A2600021A2600041823FFFB761AFF6976484E78BB
:204B54007622761F01F002001E021E04761F01F11E021E04761F01F21E021E04761F01F3C3
:204B64001E021E04761F01F41E021E04761F01F51E02761AFF690006FE021E4276484EFB13
:204B7400761F03A7E203003476484F14761F03A7E203003A76484E86761F03A7E203003064
:204B840076484E9F761F03A7E203003676484EA8761F03A7E203003276484EC1761F03A7F6
:204B9400E2030038FE820006FE04E2030044761F03A7E2AF0030E2AF0144E6940001AD1421
:204BA4006107E2AF0032E6940001AD1460039A016F029A00FE840006FE04E2030044761F39
:204BB40003A7E2AF0036E2AF0144E6940001AD146107E2AF0038E6940001AD1460039A01F3
:204BC4006F029A00FE840006FE0AE20300422B4502201E440F44600576484BEB96456F1510
:204BD40006421E4A2BAB28AA7FF0BE000648900018A87FF00FAB60080648910FFF58600365
:204BE400064A6102BE017E459245FE8A0006FE04E203004206421E442BAB28AA7F80BE00DF
:204BF4000644900018A87F800FAB60060644917FFF586102BE0192A6FE8400068F000C00BA
:204C0400761F03A7A8180200761F003019011E022B062B071A0400101A0400200200761F2A
:204C140003A71E1A8F000C08A8208F000C10A828761F003019011E0A761F003002001901D0
:204C24001E12761F00302B0E2B0F761F00302B162B17761F00301A0C0010761F00301A14D2
:204C34000010761F00301A0C0020761F00301A140020761F03A702001E221E2A0006FE085D
:204C4400E2030146E2030044A84206441EE48A4206461EF4E2AF0044E2AF0146E7000008FF
:204C54007700E68800007700E20300488A428AC4064819011ED48A428AC42BF48A428AC4F0
:204C64002BFC8A428AC41AE400108A428AC41AE400208A428AC418E4FBFF8A428AC418E483
:204C7400F7FF8A428AC41AE440008A4202001ED4FE880006FE06E2030144E20300422910F8
:204C840002001E46761F03A8FF2004250F1C600E8F00036E761F03A8A8A90F1E6107020160
:204C940007461E46A8A90F1E60FB3B10E8024BA0E2AF01428F00E9D8FF69E8092000E302D4
:204CA400084476484C43761F00301804FFEF7622761F00358F084DF6A80C761A761F003340
:204CB4001A22004076230001FF69FE860006761F00301A04001000063B107622761F003334
:204CC4001A220040761A2910FF690006FE022B413B109A00761F003346226C029A019641BC
:204CD40076221822FFBFF6057700762FFFFE56BF0121761A2910FF69FE820006FE02964157
:204CE4009241610476484CC06F0376484CCAFE820006FE028F007029A842762256BF68C4F7
:204CF400761AFF69FE8200067622761F174C1A3000017700761F01C81800FF7F1800FFBF06
:204D04001800FFDF1800FFEF1800FFF71A0000071801FFBF1A0100201A0100021A01000119
:204D14001802FF00CC03FF00500196031A0F0018180CBFFF180CDFFF1A0A80001A0A400081
:204D24001A0A20001A0B20001A0B0020CC0BFFE05004960B1A010040761AFF690006762205
:204D3400761F01F11A0300C0180CF7FF1A2100C01A0700C0180CFBFF1A2100301A0700302B
:204D4400761AFF690006FE02BFA60F1228AC001706A656109B0090FF197F1EA702170FA778
:204D5400620702800FA76047E71000006F4406A764252DA728A9FFFF9B7FA3A656108AA978
:204D6400CEABCFAAFF58A8AB6136E8038A49E80F9651E71000407700E5A0AD14652506A636
:204D740063069A009B805610560100A6A9A9FF55FF5A06A6CEABCFAA6F16E8038A49E80FC7
:204D84009651E71000407700E5A0AD14650D06A6630918A87FFFFF5861079A0028A8BF8004
:204D94006F0202001EA606A6BDA90F127700770077007700FE82000628AD0122FF69561F5E
:204DA4005616561AE61002002940761F00002902761B7648502252006142762228A959D8A2
:204DB40028A800080901611B76C859D829046F0F9B0024A9DF016C04290424A8DF011EA612
:204DC400F7A1248606A781A109011EA724A96303FF5C3B0459A9DF010009FFEC28A9FFFF7D
:204DD40028A8FFFF090161058F3FFFFF76484F9C761A7648502428A9FFFF28A8FFFF0901A3
:204DE400610E76FFFFFF6F06DF01C3BD1EA73E67C5BE24A9DF0124A8FF5860F776484FF1E6
:204DF40076484F27761BFFF00005ABBDA8BDA0BDC2BDC3BDE20000BDE20300BDE20301BDD9
:204E0400E20302BDE20303BDE6300600FE02FF6929425616761F00339222964192329642FB
:204E14001822FFBF1832FFFEF6057700762FFEFE28210101762300012910FF697648485848
:204E24003B10761F00339241962292429632FE82E2AF03BEE2AF02BEE2AF01BEE2AF00BE72
:204E3400E28000BEC5BEC4BE83BE8ABE87BE00033B30FFF1761776027622761F174818263E
:204E4400FFFC761F01F01820FFFCCC06FFFC500196061820FFF3CC06FFF3500496061820CA
:204E5400FFCFCC06FFCF501096061820FF3FCC06FF3F504096061820FCFFCC06FCFF1AA95F
:204E6400010096061820F3FFCC06F3FF1AA904009606761AFF6900067622761F174C1A2375
:204E74000004761AFF6900067622761F01E51801E7FF1800FFF81800FFC71800FE3F761A38
:204E8400FF690006FE0802201E42E590E20300440F42600676484E9FE20300446F099A00DD
:204E940028A87FF01E4602001E4806481E44E2AF0044FE880006FE029A0028A87F801E4219
:204EA400E2AF0042FE820006FE0802201E42E590E20300440F42600676484EC1E2030044C2
:204EB4006F093B01FF2FFFE01E4602001E4806481E44E2AF0044FE880006FE023B01FF2FD6
:204EC400FF001E42E2AF0042FE820006761F03A89235600776484174761F03A856BF0135AA
:204ED4000006FE089647FFC429018F007F00FF81560301A9560100A4A84202011EA69247D2
:204EE400901F2DA906A6563B1E461E441EF4FE880006FE047D447C4397429641764841B4A3
:204EF400924193445C4776484240FE840006FE0802201E42E590E20300440F4260067648EE
:204F04004F14E20300446F093B01FF2FFFF01E4602001E4806481E44E2AF0044FE88000653
:204F1400FE025CAD8F4859D20202DC825CA476484FC03B01FF2FFF801E42E2AF0042FE82A7
:204F2400000677006F00B2BD761F03A859A99220610D28ABFFFF28AAFFFF28A9FFFF28A870
:204F3400FFFF0FAB6103767FFFFF761F03A8C5363E67761F03A8062461041EA792A13E6702
:204F4400761F03A8062261031EA73E6776484F258BBE00063B10761F00331820FFFE2B2201
:204F54002B242B262B282B2A2B2C2B2E2B302B322B342B362B382B232B252B272B292B2BD0
:204F64002B2D2B2F2B312B332B352B372B39FF690006761F00331A2000012821FFFF2910AA
:204F7400FF690006FE068F0857FCA8428F000D00A844020607421E42020607441E44762251
:204F84002B45924552DD670D83448A42A0A9C4840902A8421E44C2C50A45924552DD68F56F
:204F9400761A761F00331A200001FF69FE860006B2BDAABDA2BDFE0882A4D1005ACB6F159D
:204FA4005CAD2901560303A107A3DC8809025CA483A9020876484FC0064261068A4483465B
:204FB40076484FC05ACBD90192A254A166EAFE8882BE86BE8BBE00065200A8ABC5A46107C9
:204FC40088A9DE815C857C87000EFFFE88A90FA6610F5300610D9DFF5CA876BFFFFE92854E
:204FD4009687000EFFFE92859687000CFFF8A9A40006761F03A8923A60047608293092BE74
:204FE4000B3A923A63022B3A000676083B3092BE761F03A89001723A0006020028ABFFFF3D
:204FF40028AAFFFF19010FAB60049A00D4006F05A9A492C4A9A4DC02764848DF0006761F65
:2050040003A8A8380006761F03A8A83600060006561F7622B9C028290068761A00484DA0CD
:205014009CFF56C80005C5A5F7A924840006FF58C4A4610419017D8660FE00069A010006C0
:02502400000684
:2050280000000000ADA63C00ACA23C8000683CC1A8913D00CEE73D20F2B23D4013713D619F
:2050380098513D80A4E23D90AF2A3DA0B6E83DB0BBDC3DC0BDC53DD0BC623DE0B7723DF06A
:20504800575B3E0050F63E08486A3E103D963E18305B3E2020993E280E2F3E30F8FD3E3786
:20505800E0E33E3FC5C23E47A7793E4F85E93E5760F13E5F38733E670C4D3E6FDC613E7607
:20506800A8903E7E385C3E831A5E3E87FA3E3E8AD7EC3E8EB3593E928C743E96632F3E9AF9
:20507800377A3E9E09453EA2D8813EA5A51F3EA96F0F3EAD36413EB1FAA83EB4BC323EB82F
:205088007AD23EBC36783EC0EF153EC3A49A3EC756F83ECB06203ECFB2033ED25A923ED67F
:20509800FFBE3ED9A17A3EDD3FB53EE1DA623EE471713EE804D53EEC947F3EEF20603EF381
:2050A800A86B3EF62C903EFAACC23EFD94793F00508A3F020A8B3F04C2773F0578463F0744
:2050B8002BF23F09DD733F0A8CC23F0C39DA3F0EE4B23F0F8D453F11338B3F13D77F3F1422
:2050C80079183F1618513F18B5243F194F893F1BE77A3F1C7CF13F1E0FE73F20A0563F218E
:2050D8002E383F23B9863F24423A3F26C84E3F274BBC3F29CC7D3F2A4A8C3F2CC5E33F2D7B
:2050E8003E7B3F2FB44E3F3027573F3297903F3304F33F356F7A3F36D7203F373BDE3F39C1
:2050F8009DB03F3AFC8F3F3B58773F3DB1603F3E07473F405A263F41A9F73F42F6B53F43D9
:20510800405B3F4586E43F46CA4A3F470A883F4947993F4A81793F4BB8223F4CEB903F4D6C
:205118001BBD3F4F48A53F5072433F5198923F52BB8D3F53DB313F54F7793F55105F3F5713
:2051280025E03F5837F73F5946A03F5A51D73F5B59973F5C5DDC3F5D5EA33F5E5BE63F5FE7
:2051380055A23F604BD43F613E773F622D873F6319013F6400E13F65E5233F65C5C33F663B
:20514800A2BF3F677C123F6851BA3F6923B23F6AF1F83F6ABC883F6B835E3F6C46793F6D63
:2051580005D53F6EC16E3F6E79433F6F2D4F3F70DD903F708A033F7132A63F72D7763F725F
:2051680078713F7315933F74AEDA3F7444443F75D5CF3F7563773F76ED3C3F76731B3F77B1
:20517800F5113F77731D3F78ED3C3F78636D3F79D5AE3F7943FD3F7AAE593F7A14BE3F7B2C
:20518800772D3F7BD5A43F7B30203F7C86A13F7CD9253F7C27AA3F7D72313F7DB8B73F7DB9
:20519800FB3B3F7D39BC3F7E743A3F7EAAB33F7EDD263F7E0B933F7F35F93F7F5C583F7F54
:2051A8007EAE3F7F9CFB3F7FB73F3F7FCD793F7FDFA93F7FEDCF3F7FF7EA3F7FFDFB3F7FDB
:2051B80000003F80FDFB3F7FF7EA3F7FEDCF3F7FDFA93F7FCD793F7FB73F3F7F9CFB3F7FF6
:2051C8007EAE3F7F5C583F7F35F93F7F0B933F7FDD263F7EAAB33F7E743A3F7E39BC3F7E2C
:2051D800FB3B3F7DB8B73F7D72313F7D27AA3F7DD9253F7C86A13F7C30203F7CD5A43F7BD5
:2051E800772D3F7B14BE3F7BAE593F7A43FD3F7AD5AE3F79636D3F79ED3C3F78731D3F781A
:2051F800F5113F77731B3F77ED3C3F7663773F76D5CF3F7544443F75AEDA3F7415933F7400
:2052080078713F73D7763F7232A63F728A033F71DD903F702D4F3F7079433F6FC16E3F6E9A
:2052180005D53F6E46793F6D835E3F6CBC883F6BF1F83F6A23B23F6A51BA3F697C123F6812
:20522800A2BF3F67C5C33F66E5233F6500E13F6519013F642D873F633E773F624BD43F61D9
:2052380055A23F605BE63F5F5EA33F5E5DDC3F5D59973F5C51D73F5B46A03F5A37F73F59DC
:2052480025E03F58105F3F57F7793F55DB313F54BB8D3F5398923F5272433F5148A53F50AC
:205258001BBD3F4FEB903F4DB8223F4C81793F4B47993F4A0A883F49CA4A3F4786E43F46D4
:20526800405B3F45F6B53F43A9F73F425A263F4107473F40B1603F3E58773F3DFC8F3F3B0E
:205278009DB03F3A3BDE3F39D7203F376F7A3F3604F33F3597903F3327573F32B44E3F3090
:205288003E7B3F2FC5E33F2D4A8C3F2CCC7D3F2A4BBC3F29C84E3F27423A3F26B9863F246A
:205298002E383F23A0563F210FE73F207CF13F1EE77A3F1C4F893F1BB5243F1918513F18DA
:2052A80079183F16D77F3F14338B3F138D453F11E4B23F0F39DA3F0E8CC23F0CDD733F0AAF
:2052B8002BF23F0978463F07C2773F050A8B3F04508A3F0294793F00ACC23EFD2C903EFA14
:2052C800A86B3EF620603EF3947F3EEF04D53EEC71713EE8DA623EE43FB53EE1A17A3EDDDC
:2052D800FFBE3ED95A923ED6B2033ED206203ECF56F83ECBA49A3EC7EF153EC336783EC09F
:2052E8007AD23EBCBC323EB8FAA83EB436413EB16F0F3EADA51F3EA9D8813EA509453EA204
:2052F800377A3E9E632F3E9A8C743E96B3593E92D7EC3E8EFA3E3E8A1A5E3E87385C3E83CE
:20530800A8903E7EDC613E760C4D3E6F38733E6760F13E5F85E93E57A7793E4FC5C23E47A0
:20531800E0E33E3FF8FD3E370E2F3E3020993E28305B3E203D963E18486A3E1050F63E0863
:20532800575B3E00B7723DF0BC623DE0BDC53DD0BBDC3DC0B6E83DB0AF2A3DA0A4E23D902D
:2053380098513D8013713D61F2B23D40CEE73D20A8913D0000683CC1ACA23C80ADA63C00E6
:205348003132250DADA6BC00ACA2BC800068BCC1A891BD00CEE7BD20F2B2BD401371BD6167
:205358009851BD80A4E2BD90AF2ABDA0B6E8BDB0BBDCBDC0BDC5BDD0BC62BDE0B772BDF047
:20536800575BBE0050F6BE08486ABE103D96BE18305BBE202099BE280E2FBE30F8FDBE3763
:20537800E0E3BE3FC5C2BE47A779BE4F85E9BE5760F1BE5F3873BE670C4DBE6FDC61BE76E4
:20538800A890BE7E385CBE831A5EBE87FA3EBE8AD7ECBE8EB359BE928C74BE96632FBE9AD6
:20539800377ABE9E0945BEA2D881BEA5A51FBEA96F0FBEAD3641BEB1FAA8BEB4BC32BEB80C
:2053A8007AD2BEBC3678BEC0EF15BEC3A49ABEC756F8BECB0620BECFB203BED25A92BED65C
:2053B800FFBEBED9A17ABEDD3FB5BEE1DA62BEE47171BEE804D5BEEC947FBEEF2060BEF35E
:2053C800A86BBEF62C90BEFAACC2BEFD9479BF00508ABF020A8BBF04C277BF057846BF0721
:2053D8002BF2BF09DD73BF0A8CC2BF0C39DABF0EE4B2BF0F8D45BF11338BBF13D77FBF14FF
:2053E8007918BF161851BF18B524BF194F89BF1BE77ABF1C7CF1BF1E0FE7BF20A056BF216B
:2053F8002E38BF23B986BF24423ABF26C84EBF274BBCBF29CC7DBF2A4A8CBF2CC5E3BF2D58
:205408003E7BBF2FB44EBF302757BF329790BF3304F3BF356F7ABF36D720BF373BDEBF399D
:205418009DB0BF3AFC8FBF3B5877BF3DB160BF3E0747BF405A26BF41A9F7BF42F6B5BF43B5
:20542800405BBF4586E4BF46CA4ABF470A88BF494799BF4A8179BF4BB822BF4CEB90BF4D49
:205438001BBDBF4F48A5BF507243BF519892BF52BB8DBF53DB31BF54F779BF55105FBF57F0
:2054480025E0BF5837F7BF5946A0BF5A51D7BF5B5997BF5C5DDCBF5D5EA3BF5E5BE6BF5FC4
:2054580055A2BF604BD4BF613E77BF622D87BF631901BF6400E1BF65E523BF65C5C3BF6618
:20546800A2BFBF677C12BF6851BABF6923B2BF6AF1F8BF6ABC88BF6B835EBF6C4679BF6D40
:2054780005D5BF6EC16EBF6E7943BF6F2D4FBF70DD90BF708A03BF7132A6BF72D776BF723C
:205488007871BF731593BF74AEDABF744444BF75D5CFBF756377BF76ED3CBF76731BBF778E
:20549800F511BF77731DBF78ED3CBF78636DBF79D5AEBF7943FDBF7AAE59BF7A14BEBF7B09
:2054A800772DBF7BD5A4BF7B3020BF7C86A1BF7CD925BF7C27AABF7D7231BF7DB8B7BF7D96
:2054B800FB3BBF7D39BCBF7E743ABF7EAAB3BF7EDD26BF7E0B93BF7F35F9BF7F5C58BF7F31
:2054C8007EAEBF7F9CFBBF7FB73FBF7FCD79BF7FDFA9BF7FEDCFBF7FF7EABF7FFDFBBF7FB8
:2054D8000000BF80FDFBBF7FF7EABF7FEDCFBF7FDFA9BF7FCD79BF7FB73FBF7F9CFBBF7FD3
:2054E8007EAEBF7F5C58BF7F35F9BF7F0B93BF7FDD26BF7EAAB3BF7E743ABF7E39BCBF7E09
:2054F800FB3BBF7DB8B7BF7D7231BF7D27AABF7DD925BF7C86A1BF7C3020BF7CD5A4BF7BB2
:20550800772DBF7B14BEBF7BAE59BF7A43FDBF7AD5AEBF79636DBF79ED3CBF78731DBF78F6
:20551800F511BF77731BBF77ED3CBF766377BF76D5CFBF754444BF75AEDABF741593BF74DC
:205528007871BF73D776BF7232A6BF728A03BF71DD90BF702D4FBF707943BF6FC16EBF6E77
:2055380005D5BF6E4679BF6D835EBF6CBC88BF6BF1F8BF6A23B2BF6A51BABF697C12BF68EF
:20554800A2BFBF67C5C3BF66E523BF6500E1BF651901BF642D87BF633E77BF624BD4BF61B6
:2055580055A2BF605BE6BF5F5EA3BF5E5DDCBF5D5997BF5C51D7BF5B46A0BF5A37F7BF59B9
:2055680025E0BF58105FBF57F779BF55DB31BF54BB8DBF539892BF527243BF5148A5BF5089
:205578001BBDBF4FEB90BF4DB822BF4C8179BF4B4799BF4A0A88BF49CA4ABF4786E4BF46B1
:20558800405BBF45F6B5BF43A9F7BF425A26BF410747BF40B160BF3E5877BF3DFC8FBF3BEB
:205598009DB0BF3A3BDEBF39D720BF376F7ABF3604F3BF359790BF332757BF32B44EBF306D
:2055A8003E7BBF2FC5E3BF2D4A8CBF2CCC7DBF2A4BBCBF29C84EBF27423ABF26B986BF2447
:2055B8002E38BF23A056BF210FE7BF207CF1BF1EE77ABF1C4F89BF1BB524BF191851BF18B7
:2055C8007918BF16D77FBF14338BBF138D45BF11E4B2BF0F39DABF0E8CC2BF0CDD73BF0A8C
:2055D8002BF2BF097846BF07C277BF050A8BBF04508ABF029479BF00ACC2BEFD2C90BEFAF1
:2055E800A86BBEF62060BEF3947FBEEF04D5BEEC7171BEE8DA62BEE43FB5BEE1A17ABEDDB9
:2055F800FFBEBED95A92BED6B203BED20620BECF56F8BECBA49ABEC7EF15BEC33678BEC07C
:205608007AD2BEBCBC32BEB8FAA8BEB43641BEB16F0FBEADA51FBEA9D881BEA50945BEA2E0
:20561800377ABE9E632FBE9A8C74BE96B359BE92D7ECBE8EFA3EBE8A1A5EBE87385CBE83AA
:20562800A890BE7EDC61BE760C4DBE6F3873BE6760F1BE5F85E9BE57A779BE4FC5C2BE477D
:20563800E0E3BE3FF8FDBE370E2FBE302099BE28305BBE203D96BE18486ABE1050F6BE0840
:20564800575BBE00B772BDF0BC62BDE0BDC5BDD0BBDCBDC0B6E8BDB0AF2ABDA0A4E2BD900A
:205658009851BD801371BD61F2B2BD40CEE7BD20A891BD000068BCC1ACA2BC80ADA6BC00C3
:205668003132A58DADA63C00ACA23C8000683CC1A8913D00CEE73D20F2B23D4013713D61C4
:2056780098513D80A4E23D90AF2A3DA0B6E83DB0BBDC3DC0BDC53DD0BC623DE0B7723DF024
:20568800575B3E0050F63E08486A3E103D963E18305B3E2020993E280E2F3E30F8FD3E3740
:20569800E0E33E3FC5C23E47A7793E4F85E93E5760F13E5F38733E670C4D3E6FDC613E76C1
:2056A800A8903E7E385C3E831A5E3E87FA3E3E8AD7EC3E8EB3593E928C743E96632F3E9AB3
:2056B800377A3E9E09453EA2D8813EA5A51F3EA96F0F3EAD36413EB1FAA83EB4BC323EB8E9
:2056C8007AD23EBC36783EC0EF153EC3A49A3EC756F83ECB06203ECFB2033ED25A923ED639
:2056D800FFBE3ED9A17A3EDD3FB53EE1DA623EE471713EE804D53EEC947F3EEF20603EF33B
:2056E800A86B3EF62C903EFAACC23EFD94793F00508A3F020A8B3F04C2773F0578463F07FE
:2056F8002BF23F09DD733F0A8CC23F0C39DA3F0EE4B23F0F8D453F11338B3F13D77F3F14DC
:2057080079183F1618513F18B5243F194F893F1BE77A3F1C7CF13F1E0FE73F20A0563F2147
:205718002E383F23B9863F24423A3F26C84E3F274BBC3F29CC7D3F2A4A8C3F2CC5E33F2D34
:205728003E7B3F2FB44E3F3027573F3297903F3304F33F356F7A3F36D7203F373BDE3F397A
:205738009DB03F3AFC8F3F3B58773F3DB1603F3E07473F405A263F41A9F73F42F6B53F4392
:20574800405B3F4586E43F46CA4A3F470A883F4947993F4A81793F4BB8223F4CEB903F4D26
:205758001BBD3F4F48A53F5072433F5198923F52BB8D3F53DB313F54F7793F55105F3F57CD
:2057680025E03F5837F73F5946A03F5A51D73F5B59973F5C5DDC3F5D5EA33F5E5BE63F5FA1
:2057780055A23F604BD43F613E773F622D873F6319013F6400E13F65E5233F65C5C33F66F5
:20578800A2BF3F677C123F6851BA3F6923B23F6AF1F83F6ABC883F6B835E3F6C46793F6D1D
:2057980005D53F6EC16E3F6E79433F6F2D4F3F70DD903F708A033F7132A63F72D7763F7219
:2057A80078713F7315933F74AEDA3F7444443F75D5CF3F7563773F76ED3C3F76731B3F776B
:2057B800F5113F77731D3F78ED3C3F78636D3F79D5AE3F7943FD3F7AAE593F7A14BE3F7BE6
:2057C800772D3F7BD5A43F7B30203F7C86A13F7CD9253F7C27AA3F7D72313F7DB8B73F7D73
:2057D800FB3B3F7D39BC3F7E743A3F7EAAB33F7EDD263F7E0B933F7F35F93F7F5C583F7F0E
:2057E8007EAE3F7F9CFB3F7FB73F3F7FCD793F7FDFA93F7FEDCF3F7FF7EA3F7FFDFB3F7F95
:2057F80000003F80FDFB3F7F3734000837340008373400083734000837340008373400086A
:205808003734000837340008373400083734000837340008373400083734000831D0000852
:2058180031DA000831E4000831EE000831F8000832020008320C00083216000832200008BC
:20582800322A000832340008323E00083248000832520008325C0008326600083270000828
:20583800327A000832840008328E00083298000832A2000832AC000832B6000832C0000898
:2058480032CA000832D4000832DE000832E8000832F2000832FC0008330600083310000806
:20585800331A000833240008332E00083338000833420008334C0008335600083360000870
:20586800336A000833740008337E00083388000833920008339C000833A6000833B00008E0
:20587800373400083734000833BA000833C4000833CE0008373400083734000837340008D4
:20588800373400083734000833D8000833E2000833EC000833F6000834000008340A000810
:2058980034140008341E00083428000834320008343C00083446000834500008345A000858
:2058A800373400083734000834640008346E00083478000834820008348C000834960008A4
:2058B80034A0000834AA000834B4000834BE000834C8000834D2000834DC000834E60008D8
:2058C80034F0000834FA000835040008350E00083518000835220008352C00083536000842
:2058D80035400008354A000835540008355E00083568000835720008357C000835860008B0
:2058E80035900008359A000835A4000835AE000835B80008373400083734000835C2000856
:2058F80035CC000835D600083734000837340008373400083734000835E0000835EA000864
:2059080035F4000835FE00083608000836120008361C0008362600083734000837340008D9
:20591800373400083734000836300008363A000836440008364E00083734000837340008AF
:205928003734000837340008373400083734000837340008373400083734000837340008C7
:20593800373400083734000836580008366200083734000837340008373400083734000867
:205948003734000837340008366C000836760008373400083734000837340008373400082F
:20595800373400083734000837340008373400083734000837340008373400083734000897
:20596800373400083734000837340008373400083734000837340008373400083734000887
:2059780036800008373400083734000837340008373400083734000837340008373400082C
:20598800368A00083734000836940008369E000836A8000836B2000836BC000836C6000842
:2059980036D0000836DA000837340008373400083734000837340008373400083734000817
:2059A800373400083734000836E4000836EE000836F8000837020008370C00083716000894
:2059B80037200008372A0008B717385100003F8000000000000000000000000000000000F1
:2059C80000003F80000000000000000000020000D70ABC2300000000E01C0000F2CA7149CC
:2059D800FFFEEA1A000000000000FFFEEA1C000000000000FFFEEA1E000000000000FFFFA8
:2059E800EA2000000001FFFEEA22000000000000FFFEEA24000000000000FFFFE0000000A2
:2059F8000000FFFFE00100000000FFFCEA2600000000000000000000FFFCEA2A0000000096
:205A0800000000000000FFFCEA2E00000000000000000000FFFEEA360000500B0008FFFEEE
:205A1800EA380000500B0008FFFFEA3500000000FFFFEA3A00000000FFFFEA320000000090
:045A2800000000007A
:205A2C0047850008478E000847960008479E000847A6000847AE000847E6000847EE000873
:205A3C0047B6000847BE000847C6000847CE000847D6000847DE000847FE000847FE00081A
:205A4C0047FE000847F600083FDB00083FE000083FE500083FEA00083FEF00083FF4000891
:205A5C003FF900083FFE00084003000840080008400D00084012000840170008401C000898
:00000001FF
